ville_id,ville,date_heure,temp,temp_min,temp_max,temp_ressentie,humidite,temps,nuages,pop,pluie_mm
1,Mont Saint Michel,2026-10-05 21:00:00,15.34,15.34,15.34,15.25,89,Clouds,33,0.0,0.0
1,Mont Saint Michel,2026-10-06 00:00:00,14.96,14.19,14.96,14.86,90,Clouds,31,0.0,0.0
1,Mont Saint Michel,2026-10-06 03:00:00,14.51,14.09,14.51,14.31,88,Clouds,12,0.0,0.0
1,Mont Saint Michel,2026-10-06 06:00:00,13.3,13.3,13.3,12.96,87,Clear,0,0.0,0.0
1,Mont Saint Michel,2026-10-06 09:00:00,17.99,17.99,17.99,17.7,71,Clear,5,0.0,0.0
1,Mont Saint Michel,2026-10-06 12:00:00,22.63,22.63,22.63,22.41,56,Clear,0,0.0,0.0
1,Mont Saint Michel,2026-10-06 15:00:00,23.61,23.61,23.61,23.38,52,Clouds,29,0.0,0.0
1,Mont Saint Michel,2026-10-06 18:00:00,18.74,18.74,18.74,18.6,74,Clouds,88,0.0,0.0
1,Mont Saint Michel,2026-10-06 21:00:00,16.82,16.82,16.82,16.59,78,Clouds,100,0.0,0.0
1,Mont Saint Michel,2026-10-07 00:00:00,16.45,16.45,16.45,16.14,76,Clouds,97,0.0,0.0
1,Mont Saint Michel,2026-10-07 03:00:00,16.21,16.21,16.21,16.08,84,Rain,100,0.95,0.36
1,Mont Saint Michel,2026-10-07 06:00:00,15.4,15.4,15.4,15.42,93,Rain,100,1.0,2.64
1,Mont Saint Michel,2026-10-07 09:00:00,15.08,15.08,15.08,15.05,92,Rain,100,1.0,3.59
1,Mont Saint Michel,2026-10-07 12:00:00,15.88,15.88,15.88,15.93,92,Rain,100,1.0,4.04
1,Mont Saint Michel,2026-10-07 15:00:00,15.99,15.99,15.99,15.94,88,Rain,98,1.0,6.26
1,Mont Saint Michel,2026-10-07 18:00:00,14.94,14.94,14.94,14.84,90,Rain,100,0.73,1.95
1,Mont Saint Michel,2026-10-07 21:00:00,14.02,14.02,14.02,13.64,83,Rain,100,0.25,0.64
1,Mont Saint Michel,2026-10-08 00:00:00,13.8,13.8,13.8,13.01,68,Clouds,19,0.0,0.0
1,Mont Saint Michel,2026-10-08 03:00:00,12.91,12.91,12.91,11.98,66,Clouds,19,0.07,0.0
1,Mont Saint Michel,2026-10-08 06:00:00,12.55,12.55,12.55,11.64,68,Clouds,22,0.08,0.0
1,Mont Saint Michel,2026-10-08 09:00:00,13.74,13.74,13.74,12.81,63,Clouds,29,0.0,0.0
1,Mont Saint Michel,2026-10-08 12:00:00,15.02,15.02,15.02,14.04,56,Clear,5,0.0,0.0
1,Mont Saint Michel,2026-10-08 15:00:00,14.84,14.84,14.84,13.76,53,Clouds,69,0.0,0.0
1,Mont Saint Michel,2026-10-08 18:00:00,13.79,13.79,13.79,12.79,60,Clouds,68,0.0,0.0
1,Mont Saint Michel,2026-10-08 21:00:00,13.02,13.02,13.02,12.21,70,Clouds,98,0.0,0.0
1,Mont Saint Michel,2026-10-09 00:00:00,12.84,12.84,12.84,12.03,71,Clouds,96,0.0,0.0
1,Mont Saint Michel,2026-10-09 03:00:00,11.63,11.63,11.63,10.7,71,Clouds,86,0.0,0.0
1,Mont Saint Michel,2026-10-09 06:00:00,11.97,11.97,11.97,11.1,72,Clouds,100,0.0,0.0
1,Mont Saint Michel,2026-10-09 09:00:00,13.06,13.06,13.06,12.33,73,Clouds,100,0.14,0.0
1,Mont Saint Michel,2026-10-09 12:00:00,15.05,15.05,15.05,14.54,74,Clouds,100,0.0,0.0
1,Mont Saint Michel,2026-10-09 15:00:00,16.38,16.38,16.38,16.11,78,Rain,100,0.2,0.12
1,Mont Saint Michel,2026-10-09 18:00:00,15.72,15.72,15.72,15.44,80,Clouds,100,0.0,0.0
1,Mont Saint Michel,2026-10-09 21:00:00,15.01,15.01,15.01,14.73,83,Clouds,87,0.0,0.0
1,Mont Saint Michel,2026-10-10 00:00:00,13.3,13.3,13.3,13.11,93,Clouds,61,0.0,0.0
1,Mont Saint Michel,2026-10-10 03:00:00,14.18,14.18,14.18,14.06,92,Rain,100,0.61,0.51
1,Mont Saint Michel,2026-10-10 06:00:00,14.77,14.77,14.77,14.76,94,Rain,100,0.98,1.38
1,Mont Saint Michel,2026-10-10 09:00:00,15.36,15.36,15.36,15.07,81,Rain,100,0.2,0.48
1,Mont Saint Michel,2026-10-10 12:00:00,16.72,16.72,16.72,16.12,64,Clouds,53,0.0,0.0
1,Mont Saint Michel,2026-10-10 15:00:00,15.72,15.72,15.72,15.15,69,Clouds,97,0.0,0.0
1,Mont Saint Michel,2026-10-10 18:00:00,15.22,15.22,15.22,14.49,65,Clouds,100,0.0,0.0
2,St Malo,2026-10-05 21:00:00,17.29,16.0,17.29,17.53,94,Clouds,21,0.0,0.0
2,St Malo,2026-10-06 00:00:00,16.58,15.15,16.58,16.72,93,Clouds,19,0.0,0.0
2,St Malo,2026-10-06 03:00:00,16.04,15.42,16.04,16.1,92,Clear,7,0.0,0.0
2,St Malo,2026-10-06 06:00:00,14.38,14.38,14.38,14.22,90,Clear,9,0.0,0.0
2,St Malo,2026-10-06 09:00:00,17.56,17.56,17.56,17.36,76,Clouds,67,0.0,0.0
2,St Malo,2026-10-06 12:00:00,20.75,20.75,20.75,20.71,70,Clouds,21,0.0,0.0
2,St Malo,2026-10-06 15:00:00,21.27,21.27,21.27,21.49,78,Clouds,18,0.0,0.0
2,St Malo,2026-10-06 18:00:00,18.07,18.07,18.07,18.1,83,Clouds,90,0.0,0.0
2,St Malo,2026-10-06 21:00:00,16.59,16.59,16.59,16.6,88,Rain,91,0.85,0.26
2,St Malo,2026-10-07 00:00:00,16.56,16.56,16.56,16.49,85,Rain,99,0.38,0.13
2,St Malo,2026-10-07 03:00:00,17.14,17.14,17.14,17.21,88,Rain,100,1.0,2.75
2,St Malo,2026-10-07 06:00:00,16.62,16.62,16.62,16.66,89,Rain,100,1.0,2.74
2,St Malo,2026-10-07 09:00:00,16.28,16.28,16.28,16.29,89,Rain,100,1.0,6.81
2,St Malo,2026-10-07 12:00:00,17.27,17.27,17.27,17.3,86,Rain,100,1.0,7.35
2,St Malo,2026-10-07 15:00:00,16.27,16.27,16.27,16.09,82,Rain,100,1.0,6.94
2,St Malo,2026-10-07 18:00:00,15.85,15.85,15.85,15.63,82,Rain,98,0.33,1.77
2,St Malo,2026-10-07 21:00:00,16.13,16.13,16.13,15.42,62,Rain,60,0.2,0.11
2,St Malo,2026-10-08 00:00:00,15.05,15.05,15.05,14.28,64,Rain,27,0.39,0.11
2,St Malo,2026-10-08 03:00:00,14.53,14.53,14.53,13.66,62,Rain,57,0.22,0.1
2,St Malo,2026-10-08 06:00:00,14.23,14.23,14.23,13.35,63,Rain,45,0.31,0.21
2,St Malo,2026-10-08 09:00:00,14.58,14.58,14.58,13.74,63,Rain,37,0.3,0.12
2,St Malo,2026-10-08 12:00:00,15.12,15.12,15.12,14.2,58,Clouds,31,0.0,0.0
2,St Malo,2026-10-08 15:00:00,15.17,15.17,15.17,14.23,57,Clouds,38,0.0,0.0
2,St Malo,2026-10-08 18:00:00,15.08,15.08,15.08,14.16,58,Clouds,68,0.0,0.0
2,St Malo,2026-10-08 21:00:00,14.61,14.61,14.61,13.69,60,Clouds,91,0.0,0.0
2,St Malo,2026-10-09 00:00:00,13.35,13.35,13.35,12.65,73,Clouds,98,0.0,0.0
2,St Malo,2026-10-09 03:00:00,12.56,12.56,12.56,11.83,75,Clouds,96,0.0,0.0
2,St Malo,2026-10-09 06:00:00,12.93,12.93,12.93,12.16,72,Clouds,100,0.0,0.0
2,St Malo,2026-10-09 09:00:00,14.37,14.37,14.37,13.85,76,Clouds,100,0.0,0.0
2,St Malo,2026-10-09 12:00:00,17.08,17.08,17.08,16.78,74,Clouds,99,0.05,0.0
2,St Malo,2026-10-09 15:00:00,17.19,17.19,17.19,16.92,75,Rain,100,0.32,0.15
2,St Malo,2026-10-09 18:00:00,16.36,16.36,16.36,16.09,78,Clouds,100,0.0,0.0
2,St Malo,2026-10-09 21:00:00,15.43,15.43,15.43,15.22,84,Clouds,13,0.0,0.0
2,St Malo,2026-10-10 00:00:00,14.97,14.97,14.97,14.79,87,Clouds,100,0.0,0.0
2,St Malo,2026-10-10 03:00:00,15.08,15.08,15.08,15.05,92,Rain,100,0.95,1.17
2,St Malo,2026-10-10 06:00:00,15.81,15.81,15.81,15.69,86,Rain,100,0.94,2.01
2,St Malo,2026-10-10 09:00:00,16.11,16.11,16.11,15.66,72,Rain,93,0.2,0.21
2,St Malo,2026-10-10 12:00:00,16.54,16.54,16.54,15.92,64,Clouds,81,0.0,0.0
2,St Malo,2026-10-10 15:00:00,15.86,15.86,15.86,15.36,71,Clouds,56,0.0,0.0
2,St Malo,2026-10-10 18:00:00,15.34,15.34,15.34,14.78,71,Clouds,99,0.0,0.0
3,Bayeux,2026-10-05 21:00:00,14.14,13.77,14.14,14.09,95,Clear,9,0.0,0.0
3,Bayeux,2026-10-06 00:00:00,13.41,11.96,13.41,13.31,96,Clouds,18,0.0,0.0
3,Bayeux,2026-10-06 03:00:00,12.29,11.36,12.29,12.08,96,Clouds,70,0.0,0.0
3,Bayeux,2026-10-06 06:00:00,10.89,10.89,10.89,10.52,95,Clouds,97,0.0,0.0
3,Bayeux,2026-10-06 09:00:00,15.72,15.72,15.72,15.75,92,Clouds,67,0.0,0.0
3,Bayeux,2026-10-06 12:00:00,21.23,21.23,21.23,21.29,72,Clouds,17,0.0,0.0
3,Bayeux,2026-10-06 15:00:00,20.86,20.86,20.86,20.99,76,Clouds,70,0.0,0.0
3,Bayeux,2026-10-06 18:00:00,16.08,16.08,16.08,16.15,92,Clear,4,0.0,0.0
3,Bayeux,2026-10-06 21:00:00,14.85,14.85,14.85,14.82,93,Clouds,70,0.0,0.0
3,Bayeux,2026-10-07 00:00:00,13.63,13.63,13.63,13.42,91,Clouds,90,0.0,0.0
3,Bayeux,2026-10-07 03:00:00,13.46,13.46,13.46,13.21,90,Clouds,72,0.0,0.0
3,Bayeux,2026-10-07 06:00:00,12.86,12.86,12.86,12.63,93,Clouds,98,0.0,0.0
3,Bayeux,2026-10-07 09:00:00,14.81,14.81,14.81,14.83,95,Rain,100,0.96,1.12
3,Bayeux,2026-10-07 12:00:00,16.49,16.49,16.49,16.57,91,Rain,100,1.0,2.3
3,Bayeux,2026-10-07 15:00:00,15.98,15.98,15.98,15.93,88,Rain,100,0.32,1.92
3,Bayeux,2026-10-07 18:00:00,15.38,15.38,15.38,15.17,84,Rain,95,0.32,0.2
3,Bayeux,2026-10-07 21:00:00,13.46,13.46,13.46,13.21,90,Rain,100,0.98,1.05
3,Bayeux,2026-10-08 00:00:00,12.81,12.81,12.81,12.16,77,Rain,55,0.28,0.56
3,Bayeux,2026-10-08 03:00:00,12.3,12.3,12.3,11.39,69,Rain,19,0.28,0.14
3,Bayeux,2026-10-08 06:00:00,11.98,11.98,11.98,11.01,68,Rain,12,0.25,0.21
3,Bayeux,2026-10-08 09:00:00,13.1,13.1,13.1,12.08,62,Clouds,39,0.0,0.0
3,Bayeux,2026-10-08 12:00:00,14.14,14.14,14.14,13.18,60,Clouds,24,0.0,0.0
3,Bayeux,2026-10-08 15:00:00,14.14,14.14,14.14,13.07,56,Clouds,35,0.0,0.0
3,Bayeux,2026-10-08 18:00:00,12.6,12.6,12.6,11.43,58,Clouds,86,0.0,0.0
3,Bayeux,2026-10-08 21:00:00,11.41,11.41,11.41,10.36,67,Clouds,58,0.0,0.0
3,Bayeux,2026-10-09 00:00:00,9.33,9.33,9.33,7.76,75,Clouds,71,0.0,0.0
3,Bayeux,2026-10-09 03:00:00,9.83,9.83,9.83,8.54,76,Clouds,97,0.0,0.0
3,Bayeux,2026-10-09 06:00:00,12.44,12.44,12.44,11.59,71,Clouds,100,0.0,0.0
3,Bayeux,2026-10-09 09:00:00,13.82,13.82,13.82,13.48,85,Rain,100,1.0,0.27
3,Bayeux,2026-10-09 12:00:00,15.54,15.54,15.54,15.4,86,Rain,100,0.26,0.39
3,Bayeux,2026-10-09 15:00:00,15.62,15.62,15.62,15.59,90,Rain,100,0.95,0.36
3,Bayeux,2026-10-09 18:00:00,15.12,15.12,15.12,14.91,85,Clouds,100,0.0,0.0
3,Bayeux,2026-10-09 21:00:00,14.38,14.38,14.38,14.22,90,Clouds,90,0.0,0.0
3,Bayeux,2026-10-10 00:00:00,14.47,14.47,14.47,14.3,89,Clouds,80,0.24,0.0
3,Bayeux,2026-10-10 03:00:00,14.04,14.04,14.04,13.9,92,Rain,55,0.62,0.15
3,Bayeux,2026-10-10 06:00:00,14.03,14.03,14.03,13.94,94,Rain,100,0.81,1.17
3,Bayeux,2026-10-10 09:00:00,14.93,14.93,14.93,14.52,78,Clouds,93,0.0,0.0
3,Bayeux,2026-10-10 12:00:00,16.14,16.14,16.14,15.56,67,Rain,42,0.35,0.12
3,Bayeux,2026-10-10 15:00:00,15.35,15.35,15.35,14.43,57,Clouds,100,0.0,0.0
3,Bayeux,2026-10-10 18:00:00,13.79,13.79,13.79,12.9,64,Clouds,85,0.0,0.0
4,Le Havre,2026-10-05 21:00:00,15.51,15.42,15.51,15.41,88,Clouds,16,0.0,0.0
4,Le Havre,2026-10-06 00:00:00,14.86,13.55,14.86,14.8,92,Clouds,44,0.0,0.0
4,Le Havre,2026-10-06 03:00:00,13.5,12.49,13.5,13.41,96,Clouds,72,0.0,0.0
4,Le Havre,2026-10-06 06:00:00,12.28,12.28,12.28,12.12,98,Clouds,100,0.0,0.0
4,Le Havre,2026-10-06 09:00:00,13.72,13.72,13.72,13.6,94,Clouds,45,0.0,0.0
4,Le Havre,2026-10-06 12:00:00,18.56,18.56,18.56,18.35,72,Clouds,49,0.0,0.0
4,Le Havre,2026-10-06 15:00:00,19.64,19.64,19.64,19.57,73,Clouds,35,0.0,0.0
4,Le Havre,2026-10-06 18:00:00,17.78,17.78,17.78,17.75,82,Clouds,92,0.0,0.0
4,Le Havre,2026-10-06 21:00:00,16.45,16.45,16.45,16.34,84,Clouds,34,0.0,0.0
4,Le Havre,2026-10-07 00:00:00,15.4,15.4,15.4,15.14,82,Clouds,51,0.0,0.0
4,Le Havre,2026-10-07 03:00:00,14.89,14.89,14.89,14.63,84,Clouds,98,0.0,0.0
4,Le Havre,2026-10-07 06:00:00,14.49,14.49,14.49,14.24,86,Clouds,99,0.0,0.0
4,Le Havre,2026-10-07 09:00:00,15.0,15.0,15.0,14.77,85,Clouds,100,0.51,0.0
4,Le Havre,2026-10-07 12:00:00,16.73,16.73,16.73,16.68,85,Rain,100,0.9,1.02
4,Le Havre,2026-10-07 15:00:00,17.82,17.82,17.82,17.69,78,Rain,100,0.47,0.25
4,Le Havre,2026-10-07 18:00:00,16.86,16.86,16.86,16.72,81,Rain,81,0.23,0.2
4,Le Havre,2026-10-07 21:00:00,15.94,15.94,15.94,15.76,83,Rain,100,1.0,0.82
4,Le Havre,2026-10-08 00:00:00,15.26,15.26,15.26,14.7,71,Rain,98,0.2,1.9
4,Le Havre,2026-10-08 03:00:00,14.18,14.18,14.18,13.53,72,Rain,38,0.67,0.26
4,Le Havre,2026-10-08 06:00:00,13.7,13.7,13.7,13.03,73,Rain,17,0.44,0.34
4,Le Havre,2026-10-08 09:00:00,13.63,13.63,13.63,12.88,70,Rain,21,0.25,0.23
4,Le Havre,2026-10-08 12:00:00,13.85,13.85,13.85,13.04,67,Rain,12,0.2,0.12
4,Le Havre,2026-10-08 15:00:00,14.45,14.45,14.45,13.49,59,Clear,7,0.0,0.0
4,Le Havre,2026-10-08 18:00:00,15.13,15.13,15.13,14.13,55,Clouds,48,0.0,0.0
4,Le Havre,2026-10-08 21:00:00,15.77,15.77,15.77,14.71,50,Clouds,98,0.0,0.0
4,Le Havre,2026-10-09 00:00:00,16.15,16.15,16.15,15.23,54,Clouds,99,0.0,0.0
4,Le Havre,2026-10-09 03:00:00,15.38,15.38,15.38,14.67,65,Clouds,100,0.0,0.0
4,Le Havre,2026-10-09 06:00:00,14.61,14.61,14.61,14.06,74,Clouds,100,0.0,0.0
4,Le Havre,2026-10-09 09:00:00,15.16,15.16,15.16,14.9,83,Clouds,100,0.84,0.0
4,Le Havre,2026-10-09 12:00:00,15.9,15.9,15.9,15.77,85,Rain,96,0.37,0.15
4,Le Havre,2026-10-09 15:00:00,17.08,17.08,17.08,17.01,83,Rain,100,0.34,0.21
4,Le Havre,2026-10-09 18:00:00,16.88,16.88,16.88,16.79,83,Rain,92,0.2,0.63
4,Le Havre,2026-10-09 21:00:00,16.21,16.21,16.21,16.16,87,Clouds,98,0.12,0.0
4,Le Havre,2026-10-10 00:00:00,16.02,16.02,16.02,15.98,88,Clouds,70,0.42,0.0
4,Le Havre,2026-10-10 03:00:00,15.38,15.38,15.38,15.32,90,Rain,100,0.52,0.3
4,Le Havre,2026-10-10 06:00:00,16.42,16.42,16.42,16.31,84,Rain,100,1.0,2.07
4,Le Havre,2026-10-10 09:00:00,16.43,16.43,16.43,15.85,66,Rain,97,0.2,0.69
4,Le Havre,2026-10-10 12:00:00,15.34,15.34,15.34,14.94,77,Rain,95,0.63,0.27
4,Le Havre,2026-10-10 15:00:00,15.96,15.96,15.96,15.31,65,Clouds,71,0.0,0.0
4,Le Havre,2026-10-10 18:00:00,16.27,16.27,16.27,15.55,61,Clouds,92,0.0,0.0
5,Rouen,2026-10-05 21:00:00,16.14,14.43,16.14,15.95,82,Clear,1,0.0,0.0
5,Rouen,2026-10-06 00:00:00,14.74,11.93,14.74,14.54,87,Clouds,13,0.0,0.0
5,Rouen,2026-10-06 03:00:00,13.07,11.54,13.07,12.89,94,Clouds,67,0.0,0.0
5,Rouen,2026-10-06 06:00:00,10.9,10.9,10.9,10.58,97,Clouds,100,0.0,0.0
5,Rouen,2026-10-06 09:00:00,15.01,15.01,15.01,15.1,97,Clouds,100,0.0,0.0
5,Rouen,2026-10-06 12:00:00,21.37,21.37,21.37,21.36,69,Clouds,96,0.0,0.0
5,Rouen,2026-10-06 15:00:00,22.94,22.94,22.94,22.86,60,Clouds,44,0.0,0.0
5,Rouen,2026-10-06 18:00:00,17.8,17.8,17.8,17.75,81,Clouds,53,0.0,0.0
5,Rouen,2026-10-06 21:00:00,15.9,15.9,15.9,15.58,78,Clouds,49,0.0,0.0
5,Rouen,2026-10-07 00:00:00,13.4,13.4,13.4,13.02,85,Clouds,47,0.0,0.0
5,Rouen,2026-10-07 03:00:00,13.28,13.28,13.28,13.01,90,Clouds,73,0.0,0.0
5,Rouen,2026-10-07 06:00:00,12.59,12.59,12.59,12.28,91,Clouds,86,0.0,0.0
5,Rouen,2026-10-07 09:00:00,14.19,14.19,14.19,13.86,84,Clouds,100,0.0,0.0
5,Rouen,2026-10-07 12:00:00,15.02,15.02,15.02,14.82,86,Rain,100,1.0,0.45
5,Rouen,2026-10-07 15:00:00,15.11,15.11,15.11,15.18,96,Rain,100,1.0,3.04
5,Rouen,2026-10-07 18:00:00,14.67,14.67,14.67,14.73,97,Rain,100,0.37,1.35
5,Rouen,2026-10-07 21:00:00,13.71,13.71,13.71,13.64,96,Rain,100,1.0,0.51
5,Rouen,2026-10-08 00:00:00,12.49,12.49,12.49,12.28,95,Rain,100,1.0,2.4
5,Rouen,2026-10-08 03:00:00,11.16,11.16,11.16,10.47,82,Rain,14,0.2,0.28
5,Rouen,2026-10-08 06:00:00,10.29,10.29,10.29,9.49,81,Clouds,16,0.0,0.0
5,Rouen,2026-10-08 09:00:00,12.83,12.83,12.83,11.92,67,Clear,9,0.0,0.0
5,Rouen,2026-10-08 12:00:00,14.26,14.26,14.26,13.26,58,Clouds,11,0.0,0.0
5,Rouen,2026-10-08 15:00:00,14.31,14.31,14.31,13.21,54,Clouds,36,0.0,0.0
5,Rouen,2026-10-08 18:00:00,10.43,10.43,10.43,9.51,76,Clear,2,0.0,0.0
5,Rouen,2026-10-08 21:00:00,8.76,8.76,8.76,8.19,82,Clouds,40,0.0,0.0
5,Rouen,2026-10-09 00:00:00,7.58,7.58,7.58,7.58,89,Clouds,77,0.0,0.0
5,Rouen,2026-10-09 03:00:00,10.12,10.12,10.12,9.28,80,Clouds,99,0.0,0.0
5,Rouen,2026-10-09 06:00:00,11.27,11.27,11.27,10.33,72,Clouds,100,0.0,0.0
5,Rouen,2026-10-09 09:00:00,12.92,12.92,12.92,12.17,73,Clouds,100,0.0,0.0
5,Rouen,2026-10-09 12:00:00,13.73,13.73,13.73,13.38,85,Rain,100,0.2,0.99
5,Rouen,2026-10-09 15:00:00,15.93,15.93,15.93,15.67,80,Clouds,100,0.15,0.0
5,Rouen,2026-10-09 18:00:00,15.26,15.26,15.26,15.09,86,Rain,100,0.35,0.18
5,Rouen,2026-10-09 21:00:00,14.39,14.39,14.39,14.16,87,Clouds,70,0.0,0.0
5,Rouen,2026-10-10 00:00:00,13.82,13.82,13.82,13.56,88,Clouds,72,0.0,0.0
5,Rouen,2026-10-10 03:00:00,13.6,13.6,13.6,13.37,90,Clouds,100,0.13,0.0
5,Rouen,2026-10-10 06:00:00,13.48,13.48,13.48,13.36,95,Rain,100,0.36,0.6
5,Rouen,2026-10-10 09:00:00,14.38,14.38,14.38,14.41,97,Rain,100,0.9,0.87
5,Rouen,2026-10-10 12:00:00,16.49,16.49,16.49,16.0,69,Rain,81,0.26,0.24
5,Rouen,2026-10-10 15:00:00,15.55,15.55,15.55,14.99,70,Rain,60,0.2,0.15
5,Rouen,2026-10-10 18:00:00,12.46,12.46,12.46,11.88,81,Clouds,31,0.0,0.0
6,Paris,2026-10-05 21:00:00,18.19,16.31,18.19,17.5,55,Clear,0,0.0,0.0
6,Paris,2026-10-06 00:00:00,16.77,13.94,16.77,16.15,63,Clear,1,0.0,0.0
6,Paris,2026-10-06 03:00:00,14.94,13.32,14.94,14.5,77,Clear,0,0.0,0.0
6,Paris,2026-10-06 06:00:00,11.91,11.91,11.91,11.51,90,Clear,0,0.0,0.0
6,Paris,2026-10-06 09:00:00,16.81,16.81,16.81,16.37,70,Clear,7,0.0,0.0
6,Paris,2026-10-06 12:00:00,24.78,24.78,24.78,24.67,52,Clouds,22,0.0,0.0
6,Paris,2026-10-06 15:00:00,23.95,23.95,23.95,23.52,43,Clouds,11,0.0,0.0
6,Paris,2026-10-06 18:00:00,19.42,19.42,19.42,18.91,57,Clear,1,0.0,0.0
6,Paris,2026-10-06 21:00:00,17.54,17.54,17.54,17.07,66,Clouds,99,0.0,0.0
6,Paris,2026-10-07 00:00:00,15.42,15.42,15.42,15.08,79,Clouds,63,0.0,0.0
6,Paris,2026-10-07 03:00:00,15.29,15.29,15.29,15.15,87,Clouds,100,0.0,0.0
6,Paris,2026-10-07 06:00:00,14.87,14.87,14.87,14.71,88,Clouds,98,0.0,0.0
6,Paris,2026-10-07 09:00:00,15.7,15.7,15.7,15.31,76,Clouds,100,0.69,0.0
6,Paris,2026-10-07 12:00:00,16.43,16.43,16.43,16.24,81,Rain,99,0.88,1.48
6,Paris,2026-10-07 15:00:00,17.42,17.42,17.42,17.44,85,Rain,100,0.83,2.73
6,Paris,2026-10-07 18:00:00,16.24,16.24,16.24,16.37,94,Rain,100,0.94,1.38
6,Paris,2026-10-07 21:00:00,15.36,15.36,15.36,15.43,95,Rain,100,0.22,0.22
6,Paris,2026-10-08 00:00:00,14.14,14.14,14.14,14.04,93,Rain,100,1.0,0.18
6,Paris,2026-10-08 03:00:00,11.94,11.94,11.94,11.64,94,Rain,100,1.0,2.76
6,Paris,2026-10-08 06:00:00,10.67,10.67,10.67,10.04,86,Rain,17,0.2,0.37
6,Paris,2026-10-08 09:00:00,12.89,12.89,12.89,12.01,68,Clear,9,0.0,0.0
6,Paris,2026-10-08 12:00:00,15.37,15.37,15.37,14.24,49,Clouds,40,0.0,0.0
6,Paris,2026-10-08 15:00:00,15.48,15.48,15.48,14.28,46,Clouds,66,0.0,0.0
6,Paris,2026-10-08 18:00:00,12.63,12.63,12.63,11.59,63,Clear,7,0.0,0.0
6,Paris,2026-10-08 21:00:00,10.24,10.24,10.24,9.36,78,Clear,1,0.0,0.0
6,Paris,2026-10-09 00:00:00,8.63,8.63,8.63,7.72,82,Clouds,57,0.0,0.0
6,Paris,2026-10-09 03:00:00,7.72,7.72,7.72,6.36,82,Clouds,87,0.0,0.0
6,Paris,2026-10-09 06:00:00,8.45,8.45,8.45,7.01,80,Clouds,99,0.0,0.0
6,Paris,2026-10-09 09:00:00,11.94,11.94,11.94,11.07,72,Clouds,100,0.0,0.0
6,Paris,2026-10-09 12:00:00,14.49,14.49,14.49,13.67,64,Clouds,100,0.0,0.0
6,Paris,2026-10-09 15:00:00,14.01,14.01,14.01,13.29,70,Rain,100,0.2,0.12
6,Paris,2026-10-09 18:00:00,13.92,13.92,13.92,13.25,72,Clouds,100,0.0,0.0
6,Paris,2026-10-09 21:00:00,13.62,13.62,13.62,13.02,76,Clouds,98,0.0,0.0
6,Paris,2026-10-10 00:00:00,13.74,13.74,13.74,13.26,80,Clouds,100,0.0,0.0
6,Paris,2026-10-10 03:00:00,12.78,12.78,12.78,12.44,89,Clouds,16,0.0,0.0
6,Paris,2026-10-10 06:00:00,12.83,12.83,12.83,12.6,93,Rain,100,0.91,0.78
6,Paris,2026-10-10 09:00:00,14.37,14.37,14.37,14.24,91,Rain,100,0.22,1.11
6,Paris,2026-10-10 12:00:00,16.48,16.48,16.48,16.17,76,Clouds,100,0.03,0.0
6,Paris,2026-10-10 15:00:00,17.52,17.52,17.52,16.89,60,Clouds,100,0.0,0.0
6,Paris,2026-10-10 18:00:00,14.76,14.76,14.76,14.28,76,Clouds,81,0.0,0.0
7,Amiens,2026-10-05 21:00:00,13.63,13.63,13.63,13.42,91,Clear,3,0.0,0.0
7,Amiens,2026-10-06 00:00:00,12.89,11.41,12.89,12.66,93,Clouds,35,0.0,0.0
7,Amiens,2026-10-06 03:00:00,11.92,11.06,11.92,11.65,95,Clouds,68,0.0,0.0
7,Amiens,2026-10-06 06:00:00,10.61,10.61,10.61,10.21,95,Clouds,100,0.0,0.0
7,Amiens,2026-10-06 09:00:00,14.57,14.57,14.57,14.56,95,Clouds,99,0.0,0.0
7,Amiens,2026-10-06 12:00:00,20.64,20.64,20.64,20.77,77,Clouds,88,0.0,0.0
7,Amiens,2026-10-06 15:00:00,21.3,21.3,21.3,20.95,56,Clear,0,0.0,0.0
7,Amiens,2026-10-06 18:00:00,16.45,16.45,16.45,16.24,80,Clouds,35,0.0,0.0
7,Amiens,2026-10-06 21:00:00,13.86,13.86,13.86,13.68,91,Clouds,39,0.0,0.0
7,Amiens,2026-10-07 00:00:00,12.08,12.08,12.08,11.82,95,Clouds,89,0.0,0.0
7,Amiens,2026-10-07 03:00:00,12.01,12.01,12.01,11.77,96,Clouds,63,0.0,0.0
7,Amiens,2026-10-07 06:00:00,11.19,11.19,11.19,10.82,94,Clouds,86,0.0,0.0
7,Amiens,2026-10-07 09:00:00,14.66,14.66,14.66,14.27,80,Clouds,91,0.0,0.0
7,Amiens,2026-10-07 12:00:00,18.21,18.21,18.21,17.89,69,Clouds,100,0.01,0.0
7,Amiens,2026-10-07 15:00:00,17.22,17.22,17.22,17.16,83,Rain,100,0.82,0.3
7,Amiens,2026-10-07 18:00:00,15.42,15.42,15.42,15.47,94,Rain,100,0.98,0.4
7,Amiens,2026-10-07 21:00:00,13.73,13.73,13.73,13.64,95,Rain,96,0.22,0.75
7,Amiens,2026-10-08 00:00:00,12.66,12.66,12.66,12.44,94,Rain,100,1.0,0.9
7,Amiens,2026-10-08 03:00:00,11.06,11.06,11.06,10.6,91,Rain,47,0.2,0.51
7,Amiens,2026-10-08 06:00:00,9.59,9.59,9.59,6.99,87,Clouds,11,0.0,0.0
7,Amiens,2026-10-08 09:00:00,12.44,12.44,12.44,11.57,70,Clouds,48,0.0,0.0
7,Amiens,2026-10-08 12:00:00,14.59,14.59,14.59,13.62,58,Clouds,24,0.22,0.0
7,Amiens,2026-10-08 15:00:00,14.66,14.66,14.66,13.64,56,Rain,36,0.2,0.14
7,Amiens,2026-10-08 18:00:00,10.97,10.97,10.97,9.95,70,Clear,0,0.0,0.0
7,Amiens,2026-10-08 21:00:00,7.71,7.71,7.71,7.19,83,Clouds,12,0.0,0.0
7,Amiens,2026-10-09 00:00:00,6.58,6.58,6.58,5.18,85,Clouds,97,0.0,0.0
7,Amiens,2026-10-09 03:00:00,7.58,7.58,7.58,5.63,77,Clouds,98,0.0,0.0
7,Amiens,2026-10-09 06:00:00,10.23,10.23,10.23,9.21,73,Clouds,100,0.0,0.0
7,Amiens,2026-10-09 09:00:00,12.32,12.32,12.32,11.62,77,Rain,97,0.83,0.39
7,Amiens,2026-10-09 12:00:00,15.34,15.34,15.34,14.76,70,Rain,99,0.2,2.04
7,Amiens,2026-10-09 15:00:00,15.71,15.71,15.71,15.35,77,Clouds,81,0.0,0.0
7,Amiens,2026-10-09 18:00:00,15.35,15.35,15.35,15.11,83,Clouds,99,0.0,0.0
7,Amiens,2026-10-09 21:00:00,14.36,14.36,14.36,14.12,87,Clouds,49,0.0,0.0
7,Amiens,2026-10-10 00:00:00,13.89,13.89,13.89,13.61,87,Clouds,42,0.0,0.0
7,Amiens,2026-10-10 03:00:00,14.01,14.01,14.01,13.69,85,Clouds,100,0.76,0.0
7,Amiens,2026-10-10 06:00:00,13.06,13.06,13.06,12.88,94,Rain,100,1.0,1.62
7,Amiens,2026-10-10 09:00:00,13.89,13.89,13.89,13.79,94,Rain,100,0.35,0.48
7,Amiens,2026-10-10 12:00:00,16.56,16.56,16.56,15.76,57,Clouds,23,0.0,0.0
7,Amiens,2026-10-10 15:00:00,15.76,15.76,15.76,14.85,56,Clouds,97,0.0,0.0
7,Amiens,2026-10-10 18:00:00,13.05,13.05,13.05,12.24,70,Clouds,56,0.0,0.0
8,Lille,2026-10-05 21:00:00,15.03,13.41,15.03,14.86,87,Clear,0,0.0,0.0
8,Lille,2026-10-06 00:00:00,13.75,11.2,13.75,13.56,91,Clouds,33,0.0,0.0
8,Lille,2026-10-06 03:00:00,12.72,11.56,12.72,12.53,95,Clouds,67,0.0,0.0
8,Lille,2026-10-06 06:00:00,11.2,11.2,11.2,10.91,97,Clouds,100,0.0,0.0
8,Lille,2026-10-06 09:00:00,14.57,14.57,14.57,14.69,100,Clouds,100,0.0,0.0
8,Lille,2026-10-06 12:00:00,19.52,19.52,19.52,19.59,79,Clouds,93,0.0,0.0
8,Lille,2026-10-06 15:00:00,20.92,20.92,20.92,20.95,72,Clouds,71,0.0,0.0
8,Lille,2026-10-06 18:00:00,15.64,15.64,15.64,15.64,91,Clear,10,0.0,0.0
8,Lille,2026-10-06 21:00:00,12.87,12.87,12.87,12.69,95,Clouds,89,0.0,0.0
8,Lille,2026-10-07 00:00:00,11.31,11.31,11.31,11.03,97,Clouds,78,0.0,0.0
8,Lille,2026-10-07 03:00:00,11.78,11.78,11.78,11.57,98,Clouds,99,0.0,0.0
8,Lille,2026-10-07 06:00:00,10.15,10.15,10.15,9.75,97,Clouds,64,0.0,0.0
8,Lille,2026-10-07 09:00:00,14.3,14.3,14.3,14.14,90,Clouds,83,0.0,0.0
8,Lille,2026-10-07 12:00:00,19.37,19.37,19.37,19.14,68,Clouds,99,0.0,0.0
8,Lille,2026-10-07 15:00:00,18.01,18.01,18.01,17.96,80,Clouds,100,0.33,0.0
8,Lille,2026-10-07 18:00:00,14.9,14.9,14.9,14.9,94,Rain,100,0.2,1.35
8,Lille,2026-10-07 21:00:00,14.34,14.34,14.34,14.34,96,Rain,99,0.98,0.35
8,Lille,2026-10-08 00:00:00,12.86,12.86,12.86,12.63,93,Rain,100,1.0,4.52
8,Lille,2026-10-08 03:00:00,11.8,11.8,11.8,11.41,91,Rain,98,0.82,2.66
8,Lille,2026-10-08 06:00:00,10.99,10.99,10.99,10.29,82,Rain,16,0.2,0.19
8,Lille,2026-10-08 09:00:00,12.51,12.51,12.51,11.88,79,Rain,36,0.78,0.45
8,Lille,2026-10-08 12:00:00,13.35,13.35,13.35,12.7,75,Rain,43,0.78,1.58
8,Lille,2026-10-08 15:00:00,13.61,13.61,13.61,12.85,70,Rain,47,0.92,1.05
8,Lille,2026-10-08 18:00:00,11.13,11.13,11.13,10.44,82,Rain,21,0.2,0.31
8,Lille,2026-10-08 21:00:00,9.04,9.04,9.04,7.36,79,Clouds,29,0.0,0.0
8,Lille,2026-10-09 00:00:00,7.76,7.76,7.76,5.93,75,Clouds,65,0.0,0.0
8,Lille,2026-10-09 03:00:00,7.22,7.22,7.22,5.66,78,Clouds,100,0.0,0.0
8,Lille,2026-10-09 06:00:00,9.43,9.43,9.43,7.43,71,Clouds,100,0.0,0.0
8,Lille,2026-10-09 09:00:00,11.71,11.71,11.71,11.03,80,Rain,100,0.43,0.21
8,Lille,2026-10-09 12:00:00,15.34,15.34,15.34,14.78,71,Clouds,100,0.0,0.0
8,Lille,2026-10-09 15:00:00,15.91,15.91,15.91,15.67,81,Clouds,100,0.0,0.0
8,Lille,2026-10-09 18:00:00,15.66,15.66,15.66,15.61,89,Rain,99,0.2,0.12
8,Lille,2026-10-09 21:00:00,14.84,14.84,14.84,14.7,89,Clouds,48,0.0,0.0
8,Lille,2026-10-10 00:00:00,14.66,14.66,14.66,14.48,88,Rain,100,0.66,0.15
8,Lille,2026-10-10 03:00:00,14.37,14.37,14.37,14.19,89,Rain,100,1.0,0.72
8,Lille,2026-10-10 06:00:00,13.7,13.7,13.7,13.61,95,Rain,98,0.9,4.5
8,Lille,2026-10-10 09:00:00,14.51,14.51,14.51,13.95,74,Rain,10,0.2,0.12
8,Lille,2026-10-10 12:00:00,15.81,15.81,15.81,15.01,60,Clouds,27,0.0,0.0
8,Lille,2026-10-10 15:00:00,15.27,15.27,15.27,14.31,56,Clouds,20,0.0,0.0
8,Lille,2026-10-10 18:00:00,12.68,12.68,12.68,11.81,69,Clouds,84,0.0,0.0
9,Strasbourg,2026-10-05 21:00:00,15.99,15.67,15.99,15.66,77,Clear,1,0.0,0.0
9,Strasbourg,2026-10-06 00:00:00,15.42,14.28,15.42,15.11,80,Clear,1,0.0,0.0
9,Strasbourg,2026-10-06 03:00:00,13.78,12.67,13.78,13.49,87,Clouds,11,0.0,0.0
9,Strasbourg,2026-10-06 06:00:00,12.31,12.31,12.31,12.08,95,Clouds,28,0.0,0.0
9,Strasbourg,2026-10-06 09:00:00,18.95,18.95,18.95,18.86,75,Clear,4,0.0,0.0
9,Strasbourg,2026-10-06 12:00:00,24.42,24.42,24.42,24.56,63,Clear,0,0.0,0.0
9,Strasbourg,2026-10-06 15:00:00,23.45,23.45,23.45,23.42,60,Clear,0,0.0,0.0
9,Strasbourg,2026-10-06 18:00:00,19.49,19.49,19.49,19.56,79,Clear,2,0.0,0.0
9,Strasbourg,2026-10-06 21:00:00,16.33,16.33,16.33,16.13,81,Clouds,64,0.0,0.0
9,Strasbourg,2026-10-07 00:00:00,14.98,14.98,14.98,14.73,84,Clouds,30,0.0,0.0
9,Strasbourg,2026-10-07 03:00:00,13.63,13.63,13.63,13.4,90,Clouds,13,0.0,0.0
9,Strasbourg,2026-10-07 06:00:00,13.19,13.19,13.19,13.15,99,Clouds,93,0.0,0.0
9,Strasbourg,2026-10-07 09:00:00,15.42,15.42,15.42,15.26,86,Clouds,28,0.0,0.0
9,Strasbourg,2026-10-07 12:00:00,21.89,21.89,21.89,21.65,58,Clouds,62,0.11,0.0
9,Strasbourg,2026-10-07 15:00:00,22.98,22.98,22.98,22.77,55,Clouds,81,0.0,0.0
9,Strasbourg,2026-10-07 18:00:00,17.92,17.92,17.92,17.93,83,Clouds,98,0.04,0.0
9,Strasbourg,2026-10-07 21:00:00,16.27,16.27,16.27,16.35,92,Clouds,99,0.15,0.0
9,Strasbourg,2026-10-08 00:00:00,15.34,15.34,15.34,15.33,92,Rain,73,0.59,0.43
9,Strasbourg,2026-10-08 03:00:00,15.02,15.02,15.02,15.06,95,Rain,96,0.7,0.61
9,Strasbourg,2026-10-08 06:00:00,14.71,14.71,14.71,14.72,95,Rain,100,1.0,2.53
9,Strasbourg,2026-10-08 09:00:00,13.56,13.56,13.56,13.4,93,Rain,100,1.0,6.34
9,Strasbourg,2026-10-08 12:00:00,13.63,13.63,13.63,13.42,91,Rain,100,1.0,3.83
9,Strasbourg,2026-10-08 15:00:00,12.37,12.37,12.37,12.04,91,Rain,100,1.0,1.65
9,Strasbourg,2026-10-08 18:00:00,11.73,11.73,11.73,11.18,85,Rain,78,0.2,0.52
9,Strasbourg,2026-10-08 21:00:00,9.63,9.63,9.63,7.87,86,Clear,1,0.0,0.0
9,Strasbourg,2026-10-09 00:00:00,8.04,8.04,8.04,6.97,89,Clear,2,0.0,0.0
9,Strasbourg,2026-10-09 03:00:00,6.59,6.59,6.59,6.59,94,Clouds,22,0.0,0.0
9,Strasbourg,2026-10-09 06:00:00,5.83,5.83,5.83,5.83,99,Clouds,86,0.0,0.0
9,Strasbourg,2026-10-09 09:00:00,10.54,10.54,10.54,9.82,83,Clouds,62,0.0,0.0
9,Strasbourg,2026-10-09 12:00:00,14.38,14.38,14.38,13.39,58,Clouds,83,0.0,0.0
9,Strasbourg,2026-10-09 15:00:00,14.16,14.16,14.16,13.12,57,Clouds,100,0.0,0.0
9,Strasbourg,2026-10-09 18:00:00,12.14,12.14,12.14,11.34,74,Clouds,96,0.0,0.0
9,Strasbourg,2026-10-09 21:00:00,9.12,9.12,9.12,9.12,89,Clouds,81,0.0,0.0
9,Strasbourg,2026-10-10 00:00:00,9.71,9.71,9.71,9.71,88,Clouds,100,0.0,0.0
9,Strasbourg,2026-10-10 03:00:00,8.85,8.85,8.85,7.77,90,Clouds,63,0.0,0.0
9,Strasbourg,2026-10-10 06:00:00,8.09,8.09,8.09,6.6,88,Clouds,94,0.0,0.0
9,Strasbourg,2026-10-10 09:00:00,10.9,10.9,10.9,10.0,75,Clouds,67,0.0,0.0
9,Strasbourg,2026-10-10 12:00:00,15.62,15.62,15.62,14.83,61,Clouds,100,0.0,0.0
9,Strasbourg,2026-10-10 15:00:00,15.66,15.66,15.66,15.24,75,Rain,97,0.82,0.54
9,Strasbourg,2026-10-10 18:00:00,13.8,13.8,13.8,13.32,80,Rain,70,0.2,0.12
10,Chateau du Haut Koenigsbourg,2026-10-05 21:00:00,14.9,13.76,14.9,14.22,68,Clear,0,0.0,0.0
10,Chateau du Haut Koenigsbourg,2026-10-06 00:00:00,14.11,12.52,14.11,13.51,74,Clear,0,0.0,0.0
10,Chateau du Haut Koenigsbourg,2026-10-06 03:00:00,12.39,11.13,12.39,11.72,78,Clear,0,0.0,0.0
10,Chateau du Haut Koenigsbourg,2026-10-06 06:00:00,10.25,10.25,10.25,9.5,83,Clear,0,0.0,0.0
10,Chateau du Haut Koenigsbourg,2026-10-06 09:00:00,17.23,17.23,17.23,16.81,69,Clear,0,0.0,0.0
10,Chateau du Haut Koenigsbourg,2026-10-06 12:00:00,22.16,22.16,22.16,21.95,58,Clear,0,0.0,0.0
10,Chateau du Haut Koenigsbourg,2026-10-06 15:00:00,20.93,20.93,20.93,20.51,55,Clear,1,0.0,0.0
10,Chateau du Haut Koenigsbourg,2026-10-06 18:00:00,16.7,16.7,16.7,16.59,83,Clear,0,0.0,0.0
10,Chateau du Haut Koenigsbourg,2026-10-06 21:00:00,14.1,14.1,14.1,13.84,87,Clouds,31,0.0,0.0
10,Chateau du Haut Koenigsbourg,2026-10-07 00:00:00,12.78,12.78,12.78,12.23,81,Clouds,17,0.0,0.0
10,Chateau du Haut Koenigsbourg,2026-10-07 03:00:00,11.26,11.26,11.26,10.56,81,Clear,3,0.0,0.0
10,Chateau du Haut Koenigsbourg,2026-10-07 06:00:00,10.83,10.83,10.83,10.08,81,Clouds,12,0.0,0.0
10,Chateau du Haut Koenigsbourg,2026-10-07 09:00:00,16.72,16.72,16.72,16.14,65,Clouds,32,0.0,0.0
10,Chateau du Haut Koenigsbourg,2026-10-07 12:00:00,19.17,19.17,19.17,18.68,59,Rain,100,0.51,0.16
10,Chateau du Haut Koenigsbourg,2026-10-07 15:00:00,19.05,19.05,19.05,18.53,58,Rain,77,0.31,0.26
10,Chateau du Haut Koenigsbourg,2026-10-07 18:00:00,14.86,14.86,14.86,14.57,83,Rain,100,0.21,0.25
10,Chateau du Haut Koenigsbourg,2026-10-07 21:00:00,13.45,13.45,13.45,13.1,86,Rain,98,0.45,0.27
10,Chateau du Haut Koenigsbourg,2026-10-08 00:00:00,12.16,12.16,12.16,11.86,93,Rain,82,0.78,0.52
10,Chateau du Haut Koenigsbourg,2026-10-08 03:00:00,11.96,11.96,11.96,11.72,96,Rain,99,0.63,0.92
10,Chateau du Haut Koenigsbourg,2026-10-08 06:00:00,11.43,11.43,11.43,11.16,97,Rain,100,1.0,2.32
10,Chateau du Haut Koenigsbourg,2026-10-08 09:00:00,9.67,9.67,9.67,7.33,96,Rain,100,1.0,3.65
10,Chateau du Haut Koenigsbourg,2026-10-08 12:00:00,9.69,9.69,9.69,7.82,96,Rain,100,1.0,3.65
10,Chateau du Haut Koenigsbourg,2026-10-08 15:00:00,8.3,8.3,8.3,5.68,96,Rain,100,1.0,1.5
10,Chateau du Haut Koenigsbourg,2026-10-08 18:00:00,7.75,7.75,7.75,5.28,93,Rain,59,0.2,0.35
10,Chateau du Haut Koenigsbourg,2026-10-08 21:00:00,5.42,5.42,5.42,3.28,96,Clear,2,0.0,0.0
10,Chateau du Haut Koenigsbourg,2026-10-09 00:00:00,4.25,4.25,4.25,2.48,97,Clear,3,0.0,0.0
10,Chateau du Haut Koenigsbourg,2026-10-09 03:00:00,2.78,2.78,2.78,1.55,98,Clear,10,0.0,0.0
10,Chateau du Haut Koenigsbourg,2026-10-09 06:00:00,2.0,2.0,2.0,0.51,100,Clouds,71,0.0,0.0
10,Chateau du Haut Koenigsbourg,2026-10-09 09:00:00,7.98,7.98,7.98,7.98,82,Clouds,54,0.0,0.0
10,Chateau du Haut Koenigsbourg,2026-10-09 12:00:00,11.5,11.5,11.5,10.12,54,Clouds,79,0.0,0.0
10,Chateau du Haut Koenigsbourg,2026-10-09 15:00:00,11.17,11.17,11.17,9.73,53,Clouds,100,0.0,0.0
10,Chateau du Haut Koenigsbourg,2026-10-09 18:00:00,7.31,7.31,7.31,7.31,75,Clouds,96,0.0,0.0
10,Chateau du Haut Koenigsbourg,2026-10-09 21:00:00,4.47,4.47,4.47,2.85,87,Clouds,58,0.0,0.0
10,Chateau du Haut Koenigsbourg,2026-10-10 00:00:00,5.44,5.44,5.44,4.04,77,Clouds,72,0.0,0.0
10,Chateau du Haut Koenigsbourg,2026-10-10 03:00:00,4.77,4.77,4.77,2.9,78,Clouds,41,0.0,0.0
10,Chateau du Haut Koenigsbourg,2026-10-10 06:00:00,5.35,5.35,5.35,3.59,80,Clouds,80,0.0,0.0
10,Chateau du Haut Koenigsbourg,2026-10-10 09:00:00,10.37,10.37,10.37,9.34,72,Clouds,51,0.0,0.0
10,Chateau du Haut Koenigsbourg,2026-10-10 12:00:00,12.53,12.53,12.53,11.67,70,Clouds,99,0.0,0.0
10,Chateau du Haut Koenigsbourg,2026-10-10 15:00:00,11.96,11.96,11.96,11.17,75,Rain,98,0.63,0.36
10,Chateau du Haut Koenigsbourg,2026-10-10 18:00:00,10.53,10.53,10.53,9.83,84,Clouds,99,0.55,0.0
11,Colmar,2026-10-05 21:00:00,17.31,16.56,17.31,17.03,74,Clear,1,0.0,0.0
11,Colmar,2026-10-06 00:00:00,16.64,15.3,16.64,16.37,77,Clear,1,0.0,0.0
11,Colmar,2026-10-06 03:00:00,15.05,13.92,15.05,14.65,78,Clear,0,0.0,0.0
11,Colmar,2026-10-06 06:00:00,12.81,12.81,12.81,12.21,79,Clear,0,0.0,0.0
11,Colmar,2026-10-06 09:00:00,20.07,20.07,20.07,20.04,73,Clear,0,0.0,0.0
11,Colmar,2026-10-06 12:00:00,24.78,24.78,24.78,24.96,63,Clear,0,0.0,0.0
11,Colmar,2026-10-06 15:00:00,23.58,23.58,23.58,23.53,59,Clear,1,0.0,0.0
11,Colmar,2026-10-06 18:00:00,19.45,19.45,19.45,19.49,78,Clear,2,0.0,0.0
11,Colmar,2026-10-06 21:00:00,16.83,16.83,16.83,16.63,79,Clouds,39,0.0,0.0
11,Colmar,2026-10-07 00:00:00,15.37,15.37,15.37,15.08,81,Clouds,21,0.0,0.0
11,Colmar,2026-10-07 03:00:00,13.88,13.88,13.88,13.44,81,Clear,0,0.0,0.0
11,Colmar,2026-10-07 06:00:00,13.28,13.28,13.28,12.8,82,Clear,7,0.0,0.0
11,Colmar,2026-10-07 09:00:00,18.89,18.89,18.89,18.61,68,Clouds,21,0.0,0.0
11,Colmar,2026-10-07 12:00:00,21.18,21.18,21.18,20.87,58,Rain,96,0.31,0.18
11,Colmar,2026-10-07 15:00:00,21.78,21.78,21.78,21.45,55,Clouds,81,0.05,0.0
11,Colmar,2026-10-07 18:00:00,18.6,18.6,18.6,18.37,71,Clouds,100,0.06,0.0
11,Colmar,2026-10-07 21:00:00,16.49,16.49,16.49,16.13,74,Clouds,97,0.02,0.0
11,Colmar,2026-10-08 00:00:00,15.38,15.38,15.38,15.22,86,Rain,94,0.65,0.14
11,Colmar,2026-10-08 03:00:00,14.32,14.32,14.32,14.31,96,Rain,100,0.62,1.48
11,Colmar,2026-10-08 06:00:00,14.0,14.0,14.0,13.99,97,Rain,100,1.0,1.29
11,Colmar,2026-10-08 09:00:00,12.22,12.22,12.22,11.93,93,Rain,100,1.0,4.22
11,Colmar,2026-10-08 12:00:00,12.36,12.36,12.36,12.08,93,Rain,100,1.0,4.11
11,Colmar,2026-10-08 15:00:00,10.95,10.95,10.95,10.5,92,Rain,100,1.0,1.06
11,Colmar,2026-10-08 18:00:00,10.4,10.4,10.4,9.79,88,Rain,97,0.2,0.48
11,Colmar,2026-10-08 21:00:00,8.11,8.11,8.11,6.84,90,Clear,5,0.0,0.0
11,Colmar,2026-10-09 00:00:00,7.04,7.04,7.04,6.15,94,Clouds,12,0.0,0.0
11,Colmar,2026-10-09 03:00:00,4.67,4.67,4.67,4.67,98,Clear,6,0.0,0.0
11,Colmar,2026-10-09 06:00:00,4.54,4.54,4.54,4.54,98,Clouds,44,0.0,0.0
11,Colmar,2026-10-09 09:00:00,10.02,10.02,10.02,9.17,80,Clouds,49,0.0,0.0
11,Colmar,2026-10-09 12:00:00,13.42,13.42,13.42,12.36,59,Clouds,68,0.0,0.0
11,Colmar,2026-10-09 15:00:00,13.08,13.08,13.08,11.98,59,Clouds,98,0.0,0.0
11,Colmar,2026-10-09 18:00:00,10.98,10.98,10.98,10.01,72,Clouds,97,0.0,0.0
11,Colmar,2026-10-09 21:00:00,7.59,7.59,7.59,7.59,85,Clouds,77,0.0,0.0
11,Colmar,2026-10-10 00:00:00,6.85,6.85,6.85,6.85,86,Clouds,29,0.0,0.0
11,Colmar,2026-10-10 03:00:00,5.46,5.46,5.46,5.46,88,Clouds,26,0.0,0.0
11,Colmar,2026-10-10 06:00:00,5.84,5.84,5.84,5.84,87,Clouds,37,0.0,0.0
11,Colmar,2026-10-10 09:00:00,12.0,12.0,12.0,11.14,72,Clouds,41,0.0,0.0
11,Colmar,2026-10-10 12:00:00,15.41,15.41,15.41,14.76,67,Clouds,88,0.0,0.0
11,Colmar,2026-10-10 15:00:00,14.82,14.82,14.82,14.16,69,Clouds,79,0.25,0.0
11,Colmar,2026-10-10 18:00:00,13.03,13.03,13.03,12.48,80,Clouds,100,0.26,0.0
12,Eguisheim,2026-10-05 21:00:00,17.13,16.21,17.13,16.83,74,Clear,1,0.0,0.0
12,Eguisheim,2026-10-06 00:00:00,16.42,15.01,16.42,16.1,76,Clear,1,0.0,0.0
12,Eguisheim,2026-10-06 03:00:00,14.8,13.64,14.8,14.37,78,Clear,0,0.0,0.0
12,Eguisheim,2026-10-06 06:00:00,12.5,12.5,12.5,11.87,79,Clear,0,0.0,0.0
12,Eguisheim,2026-10-06 09:00:00,19.78,19.78,19.78,19.75,74,Clear,0,0.0,0.0
12,Eguisheim,2026-10-06 12:00:00,24.34,24.34,24.34,24.5,64,Clear,0,0.0,0.0
12,Eguisheim,2026-10-06 15:00:00,23.25,23.25,23.25,23.2,60,Clear,2,0.0,0.0
12,Eguisheim,2026-10-06 18:00:00,19.13,19.13,19.13,19.11,77,Clear,6,0.0,0.0
12,Eguisheim,2026-10-06 21:00:00,16.55,16.55,16.55,16.25,76,Clouds,29,0.0,0.0
12,Eguisheim,2026-10-07 00:00:00,15.03,15.03,15.03,14.6,77,Clouds,16,0.0,0.0
12,Eguisheim,2026-10-07 03:00:00,13.54,13.54,13.54,13.01,79,Clear,0,0.0,0.0
12,Eguisheim,2026-10-07 06:00:00,12.88,12.88,12.88,12.34,81,Clear,5,0.0,0.0
12,Eguisheim,2026-10-07 09:00:00,18.56,18.56,18.56,18.25,68,Clouds,24,0.0,0.0
12,Eguisheim,2026-10-07 12:00:00,20.57,20.57,20.57,20.2,58,Clouds,92,0.15,0.0
12,Eguisheim,2026-10-07 15:00:00,21.14,21.14,21.14,20.77,56,Clouds,85,0.02,0.0
12,Eguisheim,2026-10-07 18:00:00,18.27,18.27,18.27,17.93,68,Clouds,100,0.11,0.0
12,Eguisheim,2026-10-07 21:00:00,15.59,15.59,15.59,15.16,75,Clouds,98,0.01,0.0
12,Eguisheim,2026-10-08 00:00:00,15.07,15.07,15.07,14.88,86,Rain,92,0.72,0.16
12,Eguisheim,2026-10-08 03:00:00,13.96,13.96,13.96,13.92,96,Rain,100,0.74,1.94
12,Eguisheim,2026-10-08 06:00:00,13.55,13.55,13.55,13.49,97,Rain,100,1.0,2.09
12,Eguisheim,2026-10-08 09:00:00,11.69,11.69,11.69,11.37,94,Rain,100,1.0,4.64
12,Eguisheim,2026-10-08 12:00:00,11.9,11.9,11.9,11.6,94,Rain,100,1.0,4.14
12,Eguisheim,2026-10-08 15:00:00,10.43,10.43,10.43,9.96,93,Rain,100,1.0,1.02
12,Eguisheim,2026-10-08 18:00:00,9.71,9.71,9.71,7.6,89,Rain,99,0.2,0.56
12,Eguisheim,2026-10-08 21:00:00,7.69,7.69,7.69,6.3,90,Clear,4,0.0,0.0
12,Eguisheim,2026-10-09 00:00:00,6.85,6.85,6.85,5.87,92,Clouds,15,0.0,0.0
12,Eguisheim,2026-10-09 03:00:00,4.28,4.28,4.28,4.28,97,Clear,7,0.0,0.0
12,Eguisheim,2026-10-09 06:00:00,4.21,4.21,4.21,4.21,98,Clouds,33,0.0,0.0
12,Eguisheim,2026-10-09 09:00:00,9.64,9.64,9.64,9.64,80,Clouds,50,0.0,0.0
12,Eguisheim,2026-10-09 12:00:00,12.74,12.74,12.74,11.66,61,Clouds,75,0.0,0.0
12,Eguisheim,2026-10-09 15:00:00,12.33,12.33,12.33,11.29,64,Clouds,98,0.0,0.0
12,Eguisheim,2026-10-09 18:00:00,10.46,10.46,10.46,9.57,77,Clouds,98,0.0,0.0
12,Eguisheim,2026-10-09 21:00:00,7.42,7.42,7.42,7.42,84,Clouds,80,0.0,0.0
12,Eguisheim,2026-10-10 00:00:00,6.52,6.52,6.52,6.52,86,Clouds,27,0.0,0.0
12,Eguisheim,2026-10-10 03:00:00,4.91,4.91,4.91,4.91,88,Clouds,21,0.0,0.0
12,Eguisheim,2026-10-10 06:00:00,5.43,5.43,5.43,4.57,88,Clouds,34,0.0,0.0
12,Eguisheim,2026-10-10 09:00:00,11.86,11.86,11.86,11.01,73,Clouds,42,0.0,0.0
12,Eguisheim,2026-10-10 12:00:00,14.69,14.69,14.69,14.04,70,Clouds,86,0.0,0.0
12,Eguisheim,2026-10-10 15:00:00,13.96,13.96,13.96,13.29,72,Clouds,78,0.2,0.0
12,Eguisheim,2026-10-10 18:00:00,12.28,12.28,12.28,11.73,83,Clouds,98,0.3,0.0
13,Besancon,2026-10-05 21:00:00,12.46,12.46,15.61,11.98,85,Clear,0,0.0,0.0
13,Besancon,2026-10-06 00:00:00,12.72,12.72,13.25,12.32,87,Clear,0,0.0,0.0
13,Besancon,2026-10-06 03:00:00,12.19,12.06,12.19,11.87,92,Clear,0,0.0,0.0
13,Besancon,2026-10-06 06:00:00,11.62,11.62,11.62,11.14,88,Clear,0,0.0,0.0
13,Besancon,2026-10-06 09:00:00,19.57,19.57,19.57,19.38,69,Clear,0,0.0,0.0
13,Besancon,2026-10-06 12:00:00,23.35,23.35,23.35,23.33,61,Clear,0,0.0,0.0
13,Besancon,2026-10-06 15:00:00,23.66,23.66,23.66,23.52,55,Clear,1,0.0,0.0
13,Besancon,2026-10-06 18:00:00,19.17,19.17,19.17,19.15,77,Clear,2,0.0,0.0
13,Besancon,2026-10-06 21:00:00,16.25,16.25,16.25,16.28,90,Clear,4,0.0,0.0
13,Besancon,2026-10-07 00:00:00,15.51,15.51,15.51,15.26,82,Clouds,23,0.0,0.0
13,Besancon,2026-10-07 03:00:00,14.75,14.75,14.75,14.47,84,Clouds,47,0.0,0.0
13,Besancon,2026-10-07 06:00:00,14.98,14.98,14.98,14.83,88,Clouds,39,0.0,0.0
13,Besancon,2026-10-07 09:00:00,19.69,19.69,19.69,19.52,69,Clouds,99,0.0,0.0
13,Besancon,2026-10-07 12:00:00,22.96,22.96,22.96,22.83,58,Clouds,80,0.15,0.0
13,Besancon,2026-10-07 15:00:00,21.75,21.75,21.75,21.63,63,Rain,100,0.28,0.26
13,Besancon,2026-10-07 18:00:00,19.05,19.05,19.05,18.94,74,Clouds,100,0.05,0.0
13,Besancon,2026-10-07 21:00:00,15.65,15.65,15.65,15.8,97,Rain,96,1.0,6.2
13,Besancon,2026-10-08 00:00:00,15.19,15.19,15.19,15.32,98,Rain,100,0.94,3.16
13,Besancon,2026-10-08 03:00:00,14.86,14.86,14.86,14.96,98,Rain,100,1.0,4.63
13,Besancon,2026-10-08 06:00:00,14.63,14.63,14.63,14.73,99,Rain,100,1.0,5.12
13,Besancon,2026-10-08 09:00:00,12.3,12.3,12.3,12.12,97,Rain,100,1.0,8.95
13,Besancon,2026-10-08 12:00:00,12.33,12.33,12.33,12.13,96,Rain,100,1.0,5.4
13,Besancon,2026-10-08 15:00:00,11.75,11.75,11.75,11.43,94,Rain,100,0.38,2.14
13,Besancon,2026-10-08 18:00:00,10.57,10.57,10.57,10.08,92,Rain,19,0.37,0.15
13,Besancon,2026-10-08 21:00:00,8.88,8.88,8.88,7.93,93,Clouds,26,0.0,0.0
13,Besancon,2026-10-09 00:00:00,7.69,7.69,7.69,6.76,96,Clear,8,0.0,0.0
13,Besancon,2026-10-09 03:00:00,6.49,6.49,6.49,5.66,98,Clear,2,0.0,0.0
13,Besancon,2026-10-09 06:00:00,5.51,5.51,5.51,5.51,99,Clouds,35,0.0,0.0
13,Besancon,2026-10-09 09:00:00,10.09,10.09,10.09,9.4,86,Clouds,83,0.0,0.0
13,Besancon,2026-10-09 12:00:00,13.92,13.92,13.92,12.86,57,Clouds,81,0.0,0.0
13,Besancon,2026-10-09 15:00:00,14.27,14.27,14.27,13.11,52,Clouds,97,0.0,0.0
13,Besancon,2026-10-09 18:00:00,11.25,11.25,11.25,10.34,73,Clouds,69,0.0,0.0
13,Besancon,2026-10-09 21:00:00,8.53,8.53,8.53,8.1,81,Clear,0,0.0,0.0
13,Besancon,2026-10-10 00:00:00,6.15,6.15,6.15,6.15,91,Clear,0,0.0,0.0
13,Besancon,2026-10-10 03:00:00,5.2,5.2,5.2,3.98,92,Clouds,25,0.0,0.0
13,Besancon,2026-10-10 06:00:00,6.34,6.34,6.34,4.78,85,Clouds,81,0.0,0.0
13,Besancon,2026-10-10 09:00:00,12.2,12.2,12.2,11.2,66,Clouds,93,0.0,0.0
13,Besancon,2026-10-10 12:00:00,13.61,13.61,13.61,12.8,68,Clouds,100,0.0,0.0
13,Besancon,2026-10-10 15:00:00,14.91,14.91,14.91,14.34,72,Clouds,76,0.0,0.0
13,Besancon,2026-10-10 18:00:00,13.37,13.37,13.37,12.98,85,Rain,100,0.2,0.24
14,Dijon,2026-10-05 21:00:00,16.8,15.95,16.8,16.08,59,Clear,0,0.0,0.0
14,Dijon,2026-10-06 00:00:00,15.85,13.96,15.85,15.24,67,Clear,0,0.0,0.0
14,Dijon,2026-10-06 03:00:00,14.15,12.83,14.15,13.68,79,Clear,0,0.0,0.0
14,Dijon,2026-10-06 06:00:00,12.09,12.09,12.09,11.76,92,Clear,0,0.0,0.0
14,Dijon,2026-10-06 09:00:00,19.13,19.13,19.13,19.08,76,Clear,0,0.0,0.0
14,Dijon,2026-10-06 12:00:00,22.84,22.84,22.84,22.62,55,Clear,0,0.0,0.0
14,Dijon,2026-10-06 15:00:00,23.19,23.19,23.19,22.9,51,Clear,0,0.0,0.0
14,Dijon,2026-10-06 18:00:00,18.8,18.8,18.8,18.54,69,Clear,0,0.0,0.0
14,Dijon,2026-10-06 21:00:00,16.33,16.33,16.33,15.98,75,Clear,0,0.0,0.0
14,Dijon,2026-10-07 00:00:00,14.94,14.94,14.94,14.76,87,Clouds,60,0.0,0.0
14,Dijon,2026-10-07 03:00:00,14.47,14.47,14.47,14.43,94,Clouds,43,0.0,0.0
14,Dijon,2026-10-07 06:00:00,14.55,14.55,14.55,14.57,96,Clouds,93,0.0,0.0
14,Dijon,2026-10-07 09:00:00,16.59,16.59,16.59,16.6,88,Clouds,97,0.16,0.0
14,Dijon,2026-10-07 12:00:00,21.57,21.57,21.57,21.22,55,Clouds,57,0.44,0.0
14,Dijon,2026-10-07 15:00:00,20.11,20.11,20.11,19.8,62,Clouds,94,0.0,0.0
14,Dijon,2026-10-07 18:00:00,15.82,15.82,15.82,15.99,97,Rain,100,0.97,2.8
14,Dijon,2026-10-07 21:00:00,15.31,15.31,15.31,15.51,100,Rain,100,0.22,0.95
14,Dijon,2026-10-08 00:00:00,15.55,15.55,15.55,15.72,98,Clouds,100,0.42,0.0
14,Dijon,2026-10-08 03:00:00,14.35,14.35,14.35,14.4,98,Rain,100,1.0,1.89
14,Dijon,2026-10-08 06:00:00,11.5,11.5,11.5,11.19,95,Rain,100,1.0,5.31
14,Dijon,2026-10-08 09:00:00,11.55,11.55,11.55,11.22,94,Rain,100,1.0,4.67
14,Dijon,2026-10-08 12:00:00,13.29,13.29,13.29,12.61,74,Rain,94,0.44,0.49
14,Dijon,2026-10-08 15:00:00,13.63,13.63,13.63,12.69,63,Rain,22,0.41,0.34
14,Dijon,2026-10-08 18:00:00,10.96,10.96,10.96,9.99,72,Clear,8,0.0,0.0
14,Dijon,2026-10-08 21:00:00,9.22,9.22,9.22,6.96,86,Clear,6,0.0,0.0
14,Dijon,2026-10-09 00:00:00,8.18,8.18,8.18,5.97,91,Clear,1,0.0,0.0
14,Dijon,2026-10-09 03:00:00,7.24,7.24,7.24,5.33,94,Clear,7,0.0,0.0
14,Dijon,2026-10-09 06:00:00,6.91,6.91,6.91,5.65,95,Clouds,58,0.0,0.0
14,Dijon,2026-10-09 09:00:00,10.9,10.9,10.9,10.06,77,Clouds,40,0.0,0.0
14,Dijon,2026-10-09 12:00:00,14.03,14.03,14.03,12.87,53,Clouds,100,0.0,0.0
14,Dijon,2026-10-09 15:00:00,13.16,13.16,13.16,11.86,51,Clouds,98,0.0,0.0
14,Dijon,2026-10-09 18:00:00,9.33,9.33,9.33,9.33,75,Clear,7,0.0,0.0
14,Dijon,2026-10-09 21:00:00,6.61,6.61,6.61,6.61,92,Clear,0,0.0,0.0
14,Dijon,2026-10-10 00:00:00,7.86,7.86,7.86,7.31,86,Clouds,83,0.0,0.0
14,Dijon,2026-10-10 03:00:00,8.99,8.99,8.99,8.99,83,Clouds,95,0.0,0.0
14,Dijon,2026-10-10 06:00:00,9.83,9.83,9.83,9.42,81,Clouds,100,0.0,0.0
14,Dijon,2026-10-10 09:00:00,13.25,13.25,13.25,12.54,73,Clouds,57,0.0,0.0
14,Dijon,2026-10-10 12:00:00,15.64,15.64,15.64,15.11,71,Clouds,100,0.0,0.0
14,Dijon,2026-10-10 15:00:00,15.98,15.98,15.98,15.44,69,Clouds,100,0.0,0.0
14,Dijon,2026-10-10 18:00:00,13.55,13.55,13.55,13.26,88,Rain,94,0.2,0.12
15,Annecy,2026-10-05 21:00:00,17.08,17.08,17.16,16.59,67,Clear,2,0.0,0.0
15,Annecy,2026-10-06 00:00:00,16.55,15.49,16.55,16.17,73,Clear,1,0.0,0.0
15,Annecy,2026-10-06 03:00:00,15.01,13.97,15.01,14.73,83,Clear,3,0.0,0.0
15,Annecy,2026-10-06 06:00:00,14.87,14.87,14.87,14.79,91,Clear,8,0.0,0.0
15,Annecy,2026-10-06 09:00:00,20.64,20.64,20.64,20.56,69,Clear,3,0.0,0.0
15,Annecy,2026-10-06 12:00:00,24.08,24.08,24.08,24.03,57,Clear,7,0.03,0.0
15,Annecy,2026-10-06 15:00:00,23.54,23.54,23.54,23.39,55,Clear,3,0.0,0.0
15,Annecy,2026-10-06 18:00:00,19.0,19.0,19.0,19.04,80,Clear,1,0.0,0.0
15,Annecy,2026-10-06 21:00:00,17.37,17.37,17.37,17.51,90,Clear,3,0.0,0.0
15,Annecy,2026-10-07 00:00:00,16.68,16.68,16.68,16.78,91,Clouds,27,0.0,0.0
15,Annecy,2026-10-07 03:00:00,15.73,15.73,15.73,15.63,87,Clouds,73,0.0,0.0
15,Annecy,2026-10-07 06:00:00,16.65,16.65,16.65,16.72,90,Clouds,99,0.0,0.0
15,Annecy,2026-10-07 09:00:00,14.37,14.37,14.37,14.13,87,Rain,100,1.0,0.93
15,Annecy,2026-10-07 12:00:00,15.08,15.08,15.08,15.1,94,Rain,99,0.22,5.24
15,Annecy,2026-10-07 15:00:00,15.81,15.81,15.81,15.85,92,Rain,98,0.78,1.38
15,Annecy,2026-10-07 18:00:00,13.43,13.43,13.43,13.41,99,Rain,98,1.0,0.78
15,Annecy,2026-10-07 21:00:00,12.83,12.83,12.83,12.7,97,Rain,92,0.42,8.15
15,Annecy,2026-10-08 00:00:00,11.74,11.74,11.74,11.58,100,Rain,86,0.86,0.31
15,Annecy,2026-10-08 03:00:00,11.54,11.54,11.54,11.33,99,Rain,99,1.0,0.82
15,Annecy,2026-10-08 06:00:00,12.41,12.41,12.41,12.21,96,Rain,98,1.0,4.19
15,Annecy,2026-10-08 09:00:00,13.23,13.23,13.23,13.12,96,Rain,100,1.0,3.39
15,Annecy,2026-10-08 12:00:00,10.99,10.99,10.99,10.6,94,Rain,100,1.0,12.58
15,Annecy,2026-10-08 15:00:00,10.48,10.48,10.48,10.01,93,Rain,100,1.0,4.49
15,Annecy,2026-10-08 18:00:00,9.44,9.44,9.44,7.91,94,Rain,100,0.54,1.27
15,Annecy,2026-10-08 21:00:00,8.2,8.2,8.2,7.04,96,Rain,33,0.52,0.82
15,Annecy,2026-10-09 00:00:00,7.92,7.92,7.92,6.07,96,Rain,51,0.21,0.38
15,Annecy,2026-10-09 03:00:00,7.23,7.23,7.23,4.79,92,Clouds,35,0.0,0.0
15,Annecy,2026-10-09 06:00:00,6.89,6.89,6.89,4.62,91,Clouds,56,0.0,0.0
15,Annecy,2026-10-09 09:00:00,10.11,10.11,10.11,9.11,74,Clouds,94,0.0,0.0
15,Annecy,2026-10-09 12:00:00,12.03,12.03,12.03,10.93,63,Clouds,57,0.0,0.0
15,Annecy,2026-10-09 15:00:00,12.26,12.26,12.26,11.13,61,Clouds,31,0.0,0.0
15,Annecy,2026-10-09 18:00:00,8.39,8.39,8.39,8.39,83,Clouds,97,0.0,0.0
15,Annecy,2026-10-09 21:00:00,7.64,7.64,7.64,7.64,88,Clouds,74,0.0,0.0
15,Annecy,2026-10-10 00:00:00,6.48,6.48,6.48,6.48,89,Clouds,79,0.0,0.0
15,Annecy,2026-10-10 03:00:00,5.69,5.69,5.69,5.69,95,Clouds,61,0.0,0.0
15,Annecy,2026-10-10 06:00:00,5.34,5.34,5.34,5.34,97,Clouds,66,0.0,0.0
15,Annecy,2026-10-10 09:00:00,9.12,9.12,9.12,9.12,83,Clouds,56,0.0,0.0
15,Annecy,2026-10-10 12:00:00,12.54,12.54,12.54,11.6,67,Clouds,13,0.0,0.0
15,Annecy,2026-10-10 15:00:00,14.14,14.14,14.14,13.15,59,Clear,7,0.0,0.0
15,Annecy,2026-10-10 18:00:00,10.29,10.29,10.29,9.46,80,Clouds,55,0.0,0.0
16,Grenoble,2026-10-05 21:00:00,19.32,19.32,19.56,19.4,80,Clear,1,0.0,0.0
16,Grenoble,2026-10-06 00:00:00,19.01,18.4,19.01,19.13,83,Clear,3,0.0,0.0
16,Grenoble,2026-10-06 03:00:00,18.01,17.35,18.01,18.22,90,Clouds,26,0.0,0.0
16,Grenoble,2026-10-06 06:00:00,18.04,18.04,18.04,18.33,93,Clouds,21,0.0,0.0
16,Grenoble,2026-10-06 09:00:00,22.5,22.5,22.5,22.5,65,Clear,10,0.16,0.0
16,Grenoble,2026-10-06 12:00:00,25.52,25.52,25.52,25.46,51,Rain,43,0.67,0.24
16,Grenoble,2026-10-06 15:00:00,24.72,24.72,24.72,24.89,63,Rain,42,0.95,0.37
16,Grenoble,2026-10-06 18:00:00,20.5,20.5,20.5,20.8,84,Rain,7,0.2,0.21
16,Grenoble,2026-10-06 21:00:00,18.53,18.53,18.53,18.84,92,Clouds,15,0.0,0.0
16,Grenoble,2026-10-07 00:00:00,17.06,17.06,17.06,17.28,94,Clouds,39,0.0,0.0
16,Grenoble,2026-10-07 03:00:00,16.72,16.72,16.72,16.82,91,Clouds,97,0.05,0.0
16,Grenoble,2026-10-07 06:00:00,17.83,17.83,17.83,18.12,94,Rain,100,0.72,2.6
16,Grenoble,2026-10-07 09:00:00,14.2,14.2,14.2,14.23,98,Rain,100,1.0,5.69
16,Grenoble,2026-10-07 12:00:00,17.86,17.86,17.86,17.87,83,Rain,99,0.79,1.99
16,Grenoble,2026-10-07 15:00:00,18.8,18.8,18.8,18.98,86,Rain,96,0.27,0.95
16,Grenoble,2026-10-07 18:00:00,16.75,16.75,16.75,16.8,89,Clouds,96,0.7,0.0
16,Grenoble,2026-10-07 21:00:00,15.1,15.1,15.1,14.96,88,Rain,86,0.24,0.28
16,Grenoble,2026-10-08 00:00:00,13.34,13.34,13.34,13.13,92,Rain,98,0.73,4.83
16,Grenoble,2026-10-08 03:00:00,13.55,13.55,13.55,13.31,90,Rain,77,1.0,6.22
16,Grenoble,2026-10-08 06:00:00,13.59,13.59,13.59,13.46,94,Rain,100,0.88,4.57
16,Grenoble,2026-10-08 09:00:00,15.46,15.46,15.46,15.52,94,Rain,100,1.0,3.77
16,Grenoble,2026-10-08 12:00:00,11.47,11.47,11.47,11.07,92,Rain,100,1.0,12.18
16,Grenoble,2026-10-08 15:00:00,11.41,11.41,11.41,11.11,96,Rain,100,1.0,2.27
16,Grenoble,2026-10-08 18:00:00,10.04,10.04,10.04,9.63,97,Rain,100,1.0,4.9
16,Grenoble,2026-10-08 21:00:00,9.31,9.31,9.31,8.11,98,Rain,95,0.98,3.64
16,Grenoble,2026-10-09 00:00:00,8.55,8.55,8.55,7.14,98,Rain,100,0.45,1.13
16,Grenoble,2026-10-09 03:00:00,8.21,8.21,8.21,6.85,97,Clouds,100,0.12,0.0
16,Grenoble,2026-10-09 06:00:00,7.55,7.55,7.55,6.05,96,Clouds,100,0.0,0.0
16,Grenoble,2026-10-09 09:00:00,8.13,8.13,8.13,6.8,92,Clouds,100,0.01,0.0
16,Grenoble,2026-10-09 12:00:00,9.98,9.98,9.98,9.4,82,Rain,100,0.39,0.12
16,Grenoble,2026-10-09 15:00:00,13.21,13.21,13.21,12.18,61,Clouds,66,0.03,0.0
16,Grenoble,2026-10-09 18:00:00,9.28,9.28,9.28,9.28,87,Clouds,97,0.0,0.0
16,Grenoble,2026-10-09 21:00:00,8.0,8.0,8.0,8.0,92,Clouds,87,0.0,0.0
16,Grenoble,2026-10-10 00:00:00,6.72,6.72,6.72,6.72,95,Clouds,22,0.0,0.0
16,Grenoble,2026-10-10 03:00:00,5.97,5.97,5.97,5.97,95,Clouds,17,0.0,0.0
16,Grenoble,2026-10-10 06:00:00,5.35,5.35,5.35,5.35,100,Clouds,77,0.0,0.0
16,Grenoble,2026-10-10 09:00:00,10.36,10.36,10.36,9.51,79,Clouds,46,0.0,0.0
16,Grenoble,2026-10-10 12:00:00,14.54,14.54,14.54,13.75,65,Clear,3,0.0,0.0
16,Grenoble,2026-10-10 15:00:00,14.43,14.43,14.43,13.52,61,Clouds,15,0.0,0.0
16,Grenoble,2026-10-10 18:00:00,10.45,10.45,10.45,9.77,85,Clear,7,0.0,0.0
17,Lyon,2026-10-05 21:00:00,18.96,17.61,18.96,18.71,69,Clear,0,0.0,0.0
17,Lyon,2026-10-06 00:00:00,17.63,14.96,17.63,17.33,72,Clear,0,0.0,0.0
17,Lyon,2026-10-06 03:00:00,14.93,12.92,14.93,14.59,81,Clear,0,0.0,0.0
17,Lyon,2026-10-06 06:00:00,13.9,13.9,13.9,13.77,93,Clouds,48,0.0,0.0
17,Lyon,2026-10-06 09:00:00,20.76,20.76,20.76,21.14,86,Clouds,17,0.0,0.0
17,Lyon,2026-10-06 12:00:00,24.98,24.98,24.98,25.2,64,Clear,0,0.0,0.0
17,Lyon,2026-10-06 15:00:00,25.28,25.28,25.28,25.33,56,Clear,2,0.0,0.0
17,Lyon,2026-10-06 18:00:00,20.53,20.53,20.53,20.49,71,Clear,3,0.0,0.0
17,Lyon,2026-10-06 21:00:00,17.82,17.82,17.82,17.75,80,Clouds,23,0.0,0.0
17,Lyon,2026-10-07 00:00:00,15.5,15.5,15.5,15.43,89,Clouds,49,0.0,0.0
17,Lyon,2026-10-07 03:00:00,14.5,14.5,14.5,14.38,91,Clouds,95,0.0,0.0
17,Lyon,2026-10-07 06:00:00,15.19,15.19,15.19,14.98,85,Rain,99,0.36,0.14
17,Lyon,2026-10-07 09:00:00,16.34,16.34,16.34,16.41,91,Rain,100,1.0,1.18
17,Lyon,2026-10-07 12:00:00,18.4,18.4,18.4,18.36,79,Rain,96,0.2,1.82
17,Lyon,2026-10-07 15:00:00,19.45,19.45,19.45,19.33,72,Clouds,99,0.0,0.0
17,Lyon,2026-10-07 18:00:00,17.11,17.11,17.11,17.07,84,Clouds,97,0.45,0.0
17,Lyon,2026-10-07 21:00:00,15.06,15.06,15.06,15.1,95,Rain,99,0.45,0.77
17,Lyon,2026-10-08 00:00:00,14.22,14.22,14.22,14.26,98,Rain,32,0.42,2.44
17,Lyon,2026-10-08 03:00:00,13.65,13.65,13.65,13.6,97,Clouds,86,0.08,0.0
17,Lyon,2026-10-08 06:00:00,12.97,12.97,12.97,12.88,98,Rain,98,1.0,3.64
17,Lyon,2026-10-08 09:00:00,12.84,12.84,12.84,12.58,92,Rain,100,1.0,7.7
17,Lyon,2026-10-08 12:00:00,13.08,13.08,13.08,12.69,86,Rain,100,0.32,2.67
17,Lyon,2026-10-08 15:00:00,11.99,11.99,11.99,11.59,90,Rain,89,0.32,3.0
17,Lyon,2026-10-08 18:00:00,11.23,11.23,11.23,10.39,76,Clouds,55,0.0,0.0
17,Lyon,2026-10-08 21:00:00,10.32,10.32,10.32,9.31,73,Clouds,26,0.3,0.0
17,Lyon,2026-10-09 00:00:00,9.13,9.13,9.13,7.01,81,Clouds,32,0.0,0.0
17,Lyon,2026-10-09 03:00:00,8.54,8.54,8.54,6.03,85,Clouds,23,0.0,0.0
17,Lyon,2026-10-09 06:00:00,8.28,8.28,8.28,5.47,86,Clouds,100,0.0,0.0
17,Lyon,2026-10-09 09:00:00,10.37,10.37,10.37,9.47,77,Clouds,78,0.0,0.0
17,Lyon,2026-10-09 12:00:00,13.51,13.51,13.51,12.38,56,Clouds,30,0.0,0.0
17,Lyon,2026-10-09 15:00:00,14.22,14.22,14.22,13.0,50,Clouds,93,0.0,0.0
17,Lyon,2026-10-09 18:00:00,11.46,11.46,11.46,10.33,64,Clouds,39,0.0,0.0
17,Lyon,2026-10-09 21:00:00,8.73,8.73,8.73,7.46,73,Clouds,22,0.0,0.0
17,Lyon,2026-10-10 00:00:00,7.33,7.33,7.33,6.34,80,Clear,0,0.0,0.0
17,Lyon,2026-10-10 03:00:00,5.88,5.88,5.88,5.88,87,Clear,0,0.0,0.0
17,Lyon,2026-10-10 06:00:00,5.09,5.09,5.09,5.09,91,Clear,4,0.0,0.0
17,Lyon,2026-10-10 09:00:00,11.83,11.83,11.83,10.9,70,Clear,3,0.0,0.0
17,Lyon,2026-10-10 12:00:00,15.21,15.21,15.21,14.48,65,Clouds,64,0.0,0.0
17,Lyon,2026-10-10 15:00:00,16.15,16.15,16.15,15.54,66,Clouds,77,0.0,0.0
17,Lyon,2026-10-10 18:00:00,13.62,13.62,13.62,13.18,82,Clouds,62,0.0,0.0
18,Gorges du Verdon,2026-10-05 21:00:00,13.31,13.31,14.23,13.05,90,Clear,5,0.0,0.0
18,Gorges du Verdon,2026-10-06 00:00:00,13.31,13.31,13.31,13.07,91,Clouds,13,0.0,0.0
18,Gorges du Verdon,2026-10-06 03:00:00,12.92,12.73,12.92,12.62,90,Clouds,26,0.0,0.0
18,Gorges du Verdon,2026-10-06 06:00:00,12.71,12.71,12.71,12.46,93,Clouds,55,0.0,0.0
18,Gorges du Verdon,2026-10-06 09:00:00,18.58,18.58,18.58,18.19,65,Rain,75,0.86,0.1
18,Gorges du Verdon,2026-10-06 12:00:00,19.63,19.63,19.63,18.98,51,Rain,57,0.37,0.39
18,Gorges du Verdon,2026-10-06 15:00:00,17.74,17.74,17.74,17.14,60,Clouds,69,0.25,0.0
18,Gorges du Verdon,2026-10-06 18:00:00,14.35,14.35,14.35,14.14,88,Clouds,24,0.0,0.0
18,Gorges du Verdon,2026-10-06 21:00:00,13.05,13.05,13.05,12.92,96,Clouds,83,0.0,0.0
18,Gorges du Verdon,2026-10-07 00:00:00,13.29,13.29,13.29,12.92,86,Clouds,99,0.0,0.0
18,Gorges du Verdon,2026-10-07 03:00:00,13.82,13.82,13.82,13.14,72,Clouds,100,0.01,0.0
18,Gorges du Verdon,2026-10-07 06:00:00,13.31,13.31,13.31,13.12,93,Rain,100,1.0,5.28
18,Gorges du Verdon,2026-10-07 09:00:00,13.16,13.16,13.16,12.96,93,Rain,100,1.0,6.73
18,Gorges du Verdon,2026-10-07 12:00:00,14.1,14.1,14.1,14.02,94,Rain,100,1.0,12.7
18,Gorges du Verdon,2026-10-07 15:00:00,15.41,15.41,15.41,15.12,81,Rain,94,0.28,1.0
18,Gorges du Verdon,2026-10-07 18:00:00,13.63,13.63,13.63,13.48,93,Clouds,97,0.69,0.0
18,Gorges du Verdon,2026-10-07 21:00:00,12.3,12.3,12.3,12.12,97,Rain,93,0.28,0.33
18,Gorges du Verdon,2026-10-08 00:00:00,11.02,11.02,11.02,10.71,97,Rain,72,0.31,0.18
18,Gorges du Verdon,2026-10-08 03:00:00,10.68,10.68,10.68,10.36,98,Rain,85,1.0,0.85
18,Gorges du Verdon,2026-10-08 06:00:00,11.16,11.16,11.16,10.86,97,Rain,100,0.81,3.7
18,Gorges du Verdon,2026-10-08 09:00:00,13.73,13.73,13.73,13.4,86,Rain,81,0.2,0.12
18,Gorges du Verdon,2026-10-08 12:00:00,15.39,15.39,15.39,15.0,77,Rain,95,0.88,0.64
18,Gorges du Verdon,2026-10-08 15:00:00,13.77,13.77,13.77,12.98,68,Rain,3,0.2,2.48
18,Gorges du Verdon,2026-10-08 18:00:00,9.69,9.69,9.69,6.82,73,Clouds,20,0.0,0.0
18,Gorges du Verdon,2026-10-08 21:00:00,8.16,8.16,8.16,5.19,76,Clouds,19,0.0,0.0
18,Gorges du Verdon,2026-10-09 00:00:00,6.97,6.97,6.97,4.24,79,Clear,4,0.0,0.0
18,Gorges du Verdon,2026-10-09 03:00:00,5.92,5.92,5.92,3.59,86,Clouds,21,0.0,0.0
18,Gorges du Verdon,2026-10-09 06:00:00,6.25,6.25,6.25,3.99,82,Clouds,15,0.0,0.0
18,Gorges du Verdon,2026-10-09 09:00:00,15.43,15.43,15.43,14.26,47,Clouds,14,0.0,0.0
18,Gorges du Verdon,2026-10-09 12:00:00,17.29,17.29,17.29,16.25,45,Clouds,23,0.21,0.0
18,Gorges du Verdon,2026-10-09 15:00:00,16.53,16.53,16.53,15.47,47,Clear,3,0.0,0.0
18,Gorges du Verdon,2026-10-09 18:00:00,10.81,10.81,10.81,9.98,78,Clouds,12,0.0,0.0
18,Gorges du Verdon,2026-10-09 21:00:00,9.07,9.07,9.07,9.07,79,Clouds,52,0.0,0.0
18,Gorges du Verdon,2026-10-10 00:00:00,10.03,10.03,10.03,8.86,68,Clouds,77,0.0,0.0
18,Gorges du Verdon,2026-10-10 03:00:00,10.71,10.71,10.71,9.43,61,Clouds,57,0.0,0.0
18,Gorges du Verdon,2026-10-10 06:00:00,10.68,10.68,10.68,9.37,60,Clear,0,0.0,0.0
18,Gorges du Verdon,2026-10-10 09:00:00,16.22,16.22,16.22,15.02,43,Clear,0,0.0,0.0
18,Gorges du Verdon,2026-10-10 12:00:00,17.46,17.46,17.46,16.33,41,Clear,0,0.0,0.0
18,Gorges du Verdon,2026-10-10 15:00:00,16.82,16.82,16.82,15.71,44,Clear,0,0.0,0.0
18,Gorges du Verdon,2026-10-10 18:00:00,11.56,11.56,11.56,10.68,73,Clear,0,0.0,0.0
19,Bormes les Mimosas,2026-10-05 21:00:00,20.28,19.12,20.28,20.53,83,Clouds,13,0.0,0.0
19,Bormes les Mimosas,2026-10-06 00:00:00,19.67,18.46,19.67,19.94,86,Clouds,15,0.0,0.0
19,Bormes les Mimosas,2026-10-06 03:00:00,19.41,18.97,19.41,19.81,92,Clouds,16,0.0,0.0
19,Bormes les Mimosas,2026-10-06 06:00:00,19.26,19.26,19.26,19.8,98,Clouds,19,0.0,0.0
19,Bormes les Mimosas,2026-10-06 09:00:00,22.8,22.8,22.8,22.75,62,Clouds,26,0.0,0.0
19,Bormes les Mimosas,2026-10-06 12:00:00,24.59,24.59,24.59,24.49,53,Clear,8,0.0,0.0
19,Bormes les Mimosas,2026-10-06 15:00:00,22.07,22.07,22.07,21.69,52,Clouds,67,0.0,0.0
19,Bormes les Mimosas,2026-10-06 18:00:00,19.18,19.18,19.18,19.27,81,Clouds,39,0.0,0.0
19,Bormes les Mimosas,2026-10-06 21:00:00,18.67,18.67,18.67,18.94,90,Clouds,99,0.0,0.0
19,Bormes les Mimosas,2026-10-07 00:00:00,18.95,18.95,18.95,19.02,81,Clouds,99,0.0,0.0
19,Bormes les Mimosas,2026-10-07 03:00:00,19.9,19.9,19.9,20.3,90,Rain,100,1.0,0.82
19,Bormes les Mimosas,2026-10-07 06:00:00,19.29,19.29,19.29,19.83,98,Rain,100,1.0,7.15
19,Bormes les Mimosas,2026-10-07 09:00:00,18.19,18.19,18.19,18.68,100,Rain,100,1.0,24.91
19,Bormes les Mimosas,2026-10-07 12:00:00,18.39,18.39,18.39,18.87,99,Rain,100,1.0,9.18
19,Bormes les Mimosas,2026-10-07 15:00:00,18.59,18.59,18.59,19.06,98,Rain,99,0.43,2.33
19,Bormes les Mimosas,2026-10-07 18:00:00,17.71,17.71,17.71,18.15,100,Rain,98,1.0,0.81
19,Bormes les Mimosas,2026-10-07 21:00:00,16.9,16.9,16.9,17.23,99,Rain,99,1.0,1.68
19,Bormes les Mimosas,2026-10-08 00:00:00,16.69,16.69,16.69,17.03,100,Rain,99,1.0,2.06
19,Bormes les Mimosas,2026-10-08 03:00:00,16.31,16.31,16.31,16.61,100,Rain,98,1.0,1.02
19,Bormes les Mimosas,2026-10-08 06:00:00,16.07,16.07,16.07,16.34,100,Rain,100,0.38,0.92
19,Bormes les Mimosas,2026-10-08 09:00:00,19.24,19.24,19.24,19.31,80,Clouds,47,0.0,0.0
19,Bormes les Mimosas,2026-10-08 12:00:00,22.27,22.27,22.27,22.09,59,Rain,21,0.26,0.26
19,Bormes les Mimosas,2026-10-08 15:00:00,20.18,20.18,20.18,19.74,57,Rain,5,0.2,0.69
19,Bormes les Mimosas,2026-10-08 18:00:00,15.59,15.59,15.59,14.93,66,Clear,3,0.0,0.0
19,Bormes les Mimosas,2026-10-08 21:00:00,13.57,13.57,13.57,12.65,64,Clear,7,0.0,0.0
19,Bormes les Mimosas,2026-10-09 00:00:00,12.27,12.27,12.27,11.3,67,Clear,6,0.0,0.0
19,Bormes les Mimosas,2026-10-09 03:00:00,11.38,11.38,11.38,10.38,69,Clouds,43,0.0,0.0
19,Bormes les Mimosas,2026-10-09 06:00:00,11.26,11.26,11.26,10.27,70,Clouds,12,0.0,0.0
19,Bormes les Mimosas,2026-10-09 09:00:00,16.79,16.79,16.79,15.96,55,Clouds,29,0.0,0.0
19,Bormes les Mimosas,2026-10-09 12:00:00,21.65,21.65,21.65,20.94,41,Clouds,12,0.0,0.0
19,Bormes les Mimosas,2026-10-09 15:00:00,20.94,20.94,20.94,20.37,49,Clouds,14,0.0,0.0
19,Bormes les Mimosas,2026-10-09 18:00:00,15.37,15.37,15.37,14.92,75,Clear,1,0.0,0.0
19,Bormes les Mimosas,2026-10-09 21:00:00,12.14,12.14,12.14,11.52,81,Clouds,21,0.0,0.0
19,Bormes les Mimosas,2026-10-10 00:00:00,10.95,10.95,10.95,10.29,84,Clouds,16,0.0,0.0
19,Bormes les Mimosas,2026-10-10 03:00:00,10.6,10.6,10.6,9.86,82,Clear,10,0.0,0.0
19,Bormes les Mimosas,2026-10-10 06:00:00,9.84,9.84,9.84,9.84,84,Clear,0,0.0,0.0
19,Bormes les Mimosas,2026-10-10 09:00:00,20.44,20.44,20.44,19.77,47,Clear,1,0.0,0.0
19,Bormes les Mimosas,2026-10-10 12:00:00,21.78,21.78,21.78,21.14,43,Clear,0,0.0,0.0
19,Bormes les Mimosas,2026-10-10 15:00:00,20.3,20.3,20.3,19.69,50,Clear,0,0.0,0.0
19,Bormes les Mimosas,2026-10-10 18:00:00,14.27,14.27,14.27,13.87,81,Clear,0,0.0,0.0
20,Cassis,2026-10-05 21:00:00,21.54,19.75,21.54,21.73,76,Clear,2,0.0,0.0
20,Cassis,2026-10-06 00:00:00,20.82,19.38,20.82,21.05,80,Clear,2,0.0,0.0
20,Cassis,2026-10-06 03:00:00,20.2,19.53,20.2,20.5,85,Clear,1,0.0,0.0
20,Cassis,2026-10-06 06:00:00,20.07,20.07,20.07,20.48,90,Clouds,18,0.0,0.0
20,Cassis,2026-10-06 09:00:00,23.81,23.81,23.81,23.87,62,Clear,1,0.0,0.0
20,Cassis,2026-10-06 12:00:00,25.27,25.27,25.27,25.18,51,Rain,40,0.7,0.16
20,Cassis,2026-10-06 15:00:00,23.36,23.36,23.36,23.34,61,Rain,68,0.2,1.09
20,Cassis,2026-10-06 18:00:00,20.32,20.32,20.32,20.31,73,Clouds,98,0.0,0.0
20,Cassis,2026-10-06 21:00:00,20.06,20.06,20.06,19.95,70,Clouds,100,0.05,0.0
20,Cassis,2026-10-07 00:00:00,20.42,20.42,20.42,20.45,74,Clouds,100,0.14,0.0
20,Cassis,2026-10-07 03:00:00,20.2,20.2,20.2,20.7,93,Rain,100,1.0,5.49
20,Cassis,2026-10-07 06:00:00,20.02,20.02,20.02,20.56,95,Rain,100,1.0,9.89
20,Cassis,2026-10-07 09:00:00,18.53,18.53,18.53,18.95,96,Rain,100,1.0,11.94
20,Cassis,2026-10-07 12:00:00,19.09,19.09,19.09,19.54,95,Rain,99,1.0,12.55
20,Cassis,2026-10-07 15:00:00,20.54,20.54,20.54,20.79,82,Rain,99,0.4,0.68
20,Cassis,2026-10-07 18:00:00,17.98,17.98,17.98,18.39,98,Rain,100,1.0,3.08
20,Cassis,2026-10-07 21:00:00,18.16,18.16,18.16,18.54,96,Rain,91,1.0,4.1
20,Cassis,2026-10-08 00:00:00,16.53,16.53,16.53,16.77,97,Rain,100,1.0,4.76
20,Cassis,2026-10-08 03:00:00,16.19,16.19,16.19,16.4,97,Rain,33,0.59,9.98
20,Cassis,2026-10-08 06:00:00,15.5,15.5,15.5,15.61,96,Rain,31,0.2,0.26
20,Cassis,2026-10-08 09:00:00,19.08,19.08,19.08,19.13,80,Clouds,27,0.19,0.0
20,Cassis,2026-10-08 12:00:00,20.9,20.9,20.9,20.95,73,Rain,95,0.75,0.51
20,Cassis,2026-10-08 15:00:00,18.71,18.71,18.71,18.2,60,Rain,3,0.2,0.82
20,Cassis,2026-10-08 18:00:00,14.94,14.94,14.94,14.24,67,Clear,10,0.0,0.0
20,Cassis,2026-10-08 21:00:00,13.17,13.17,13.17,12.32,68,Clouds,14,0.0,0.0
20,Cassis,2026-10-09 00:00:00,12.48,12.48,12.48,11.48,65,Clouds,11,0.0,0.0
20,Cassis,2026-10-09 03:00:00,11.57,11.57,11.57,10.66,72,Clouds,39,0.0,0.0
20,Cassis,2026-10-09 06:00:00,10.69,10.69,10.69,9.83,77,Clouds,11,0.0,0.0
20,Cassis,2026-10-09 09:00:00,14.21,14.21,14.21,13.41,66,Clear,4,0.0,0.0
20,Cassis,2026-10-09 12:00:00,17.74,17.74,17.74,17.06,57,Clouds,12,0.0,0.0
20,Cassis,2026-10-09 15:00:00,18.1,18.1,18.1,17.45,57,Clear,1,0.0,0.0
20,Cassis,2026-10-09 18:00:00,13.94,13.94,13.94,13.22,70,Clouds,58,0.0,0.0
20,Cassis,2026-10-09 21:00:00,11.82,11.82,11.82,11.17,81,Clouds,64,0.0,0.0
20,Cassis,2026-10-10 00:00:00,11.22,11.22,11.22,10.59,84,Clouds,49,0.0,0.0
20,Cassis,2026-10-10 03:00:00,9.94,9.94,9.94,9.62,88,Clear,1,0.0,0.0
20,Cassis,2026-10-10 06:00:00,9.19,9.19,9.19,9.19,88,Clear,3,0.0,0.0
20,Cassis,2026-10-10 09:00:00,17.25,17.25,17.25,16.65,62,Clouds,13,0.0,0.0
20,Cassis,2026-10-10 12:00:00,19.98,19.98,19.98,19.6,60,Clear,0,0.0,0.0
20,Cassis,2026-10-10 15:00:00,19.48,19.48,19.48,19.02,59,Clear,0,0.0,0.0
20,Cassis,2026-10-10 18:00:00,15.19,15.19,15.19,14.72,75,Clear,0,0.0,0.0
21,Marseille,2026-10-05 21:00:00,20.91,20.31,20.91,21.04,76,Clear,1,0.0,0.0
21,Marseille,2026-10-06 00:00:00,20.54,19.81,20.54,20.74,80,Clear,2,0.0,0.0
21,Marseille,2026-10-06 03:00:00,20.26,19.94,20.26,20.53,84,Clear,1,0.0,0.0
21,Marseille,2026-10-06 06:00:00,20.45,20.45,20.45,20.87,89,Clear,8,0.0,0.0
21,Marseille,2026-10-06 09:00:00,24.38,24.38,24.38,24.6,66,Clear,1,0.0,0.0
21,Marseille,2026-10-06 12:00:00,25.74,25.74,25.74,25.99,62,Rain,55,0.71,0.56
21,Marseille,2026-10-06 15:00:00,24.05,24.05,24.05,24.18,64,Rain,78,0.2,0.64
21,Marseille,2026-10-06 18:00:00,21.05,21.05,21.05,21.14,74,Clouds,97,0.0,0.0
21,Marseille,2026-10-06 21:00:00,20.64,20.64,20.64,20.59,70,Clouds,100,0.1,0.0
21,Marseille,2026-10-07 00:00:00,20.9,20.9,20.9,20.95,73,Clouds,99,0.34,0.0
21,Marseille,2026-10-07 03:00:00,20.71,20.71,20.71,21.24,92,Rain,100,1.0,6.1
21,Marseille,2026-10-07 06:00:00,20.55,20.55,20.55,21.09,93,Rain,100,1.0,10.59
21,Marseille,2026-10-07 09:00:00,18.33,18.33,18.33,18.7,95,Rain,100,1.0,13.07
21,Marseille,2026-10-07 12:00:00,18.87,18.87,18.87,19.21,92,Rain,99,0.97,5.08
21,Marseille,2026-10-07 15:00:00,20.51,20.51,20.51,20.73,81,Rain,99,0.6,0.86
21,Marseille,2026-10-07 18:00:00,17.65,17.65,17.65,18.0,97,Rain,100,1.0,2.37
21,Marseille,2026-10-07 21:00:00,17.46,17.46,17.46,17.77,96,Rain,100,1.0,4.23
21,Marseille,2026-10-08 00:00:00,16.24,16.24,16.24,16.48,98,Rain,100,1.0,9.48
21,Marseille,2026-10-08 03:00:00,15.88,15.88,15.88,16.06,97,Rain,37,0.33,10.51
21,Marseille,2026-10-08 06:00:00,16.01,16.01,16.01,16.15,95,Clouds,21,0.0,0.0
21,Marseille,2026-10-08 09:00:00,18.26,18.26,18.26,18.33,84,Clouds,47,0.08,0.0
21,Marseille,2026-10-08 12:00:00,18.43,18.43,18.43,18.5,83,Rain,71,1.0,2.75
21,Marseille,2026-10-08 15:00:00,18.34,18.34,18.34,17.8,60,Rain,14,0.2,1.23
21,Marseille,2026-10-08 18:00:00,14.99,14.99,14.99,14.32,68,Clear,9,0.0,0.0
21,Marseille,2026-10-08 21:00:00,13.56,13.56,13.56,12.72,67,Clear,10,0.0,0.0
21,Marseille,2026-10-09 00:00:00,12.88,12.88,12.88,11.92,65,Clouds,15,0.0,0.0
21,Marseille,2026-10-09 03:00:00,11.97,11.97,11.97,11.1,72,Clouds,29,0.0,0.0
21,Marseille,2026-10-09 06:00:00,11.05,11.05,11.05,10.19,76,Clouds,18,0.0,0.0
21,Marseille,2026-10-09 09:00:00,13.46,13.46,13.46,12.64,68,Clear,7,0.0,0.0
21,Marseille,2026-10-09 12:00:00,16.62,16.62,16.62,15.85,58,Clear,6,0.0,0.0
21,Marseille,2026-10-09 15:00:00,16.94,16.94,16.94,16.18,57,Clear,1,0.0,0.0
21,Marseille,2026-10-09 18:00:00,13.82,13.82,13.82,13.03,68,Clouds,68,0.0,0.0
21,Marseille,2026-10-09 21:00:00,12.05,12.05,12.05,11.3,76,Clouds,44,0.0,0.0
21,Marseille,2026-10-10 00:00:00,11.14,11.14,11.14,10.45,82,Clouds,34,0.0,0.0
21,Marseille,2026-10-10 03:00:00,9.93,9.93,9.93,9.0,91,Clear,0,0.0,0.0
21,Marseille,2026-10-10 06:00:00,9.26,9.26,9.26,8.32,92,Clear,7,0.0,0.0
21,Marseille,2026-10-10 09:00:00,14.52,14.52,14.52,13.86,70,Clear,3,0.0,0.0
21,Marseille,2026-10-10 12:00:00,18.31,18.31,18.31,17.76,60,Clear,0,0.0,0.0
21,Marseille,2026-10-10 15:00:00,18.69,18.69,18.69,18.16,59,Clear,0,0.0,0.0
21,Marseille,2026-10-10 18:00:00,15.12,15.12,15.12,14.54,71,Clear,0,0.0,0.0
22,Aix en Provence,2026-10-05 21:00:00,20.16,18.83,20.16,20.19,75,Clouds,12,0.0,0.0
22,Aix en Provence,2026-10-06 00:00:00,19.57,18.38,19.57,19.7,81,Clouds,11,0.0,0.0
22,Aix en Provence,2026-10-06 03:00:00,18.97,18.38,18.97,19.22,88,Clear,5,0.0,0.0
22,Aix en Provence,2026-10-06 06:00:00,18.65,18.65,18.65,19.05,95,Clouds,11,0.0,0.0
22,Aix en Provence,2026-10-06 09:00:00,23.24,23.24,23.24,23.24,62,Clear,9,0.0,0.0
22,Aix en Provence,2026-10-06 12:00:00,25.06,25.06,25.06,24.74,43,Clouds,15,0.49,0.0
22,Aix en Provence,2026-10-06 15:00:00,22.88,22.88,22.88,23.03,69,Rain,80,0.39,1.06
22,Aix en Provence,2026-10-06 18:00:00,19.62,19.62,19.62,19.96,89,Rain,71,0.3,0.43
22,Aix en Provence,2026-10-06 21:00:00,19.08,19.08,19.08,19.08,78,Clouds,98,0.0,0.0
22,Aix en Provence,2026-10-07 00:00:00,19.36,19.36,19.36,19.34,76,Clouds,99,0.0,0.0
22,Aix en Provence,2026-10-07 03:00:00,19.25,19.25,19.25,19.66,93,Rain,100,1.0,6.36
22,Aix en Provence,2026-10-07 06:00:00,19.06,19.06,19.06,19.5,95,Rain,100,1.0,8.84
22,Aix en Provence,2026-10-07 09:00:00,17.3,17.3,17.3,17.59,96,Rain,99,1.0,7.91
22,Aix en Provence,2026-10-07 12:00:00,18.73,18.73,18.73,19.09,93,Rain,99,0.94,5.49
22,Aix en Provence,2026-10-07 15:00:00,20.14,20.14,20.14,20.46,86,Rain,89,0.54,0.89
22,Aix en Provence,2026-10-07 18:00:00,17.8,17.8,17.8,18.17,97,Rain,100,1.0,3.84
22,Aix en Provence,2026-10-07 21:00:00,16.06,16.06,16.06,16.31,99,Rain,100,1.0,3.02
22,Aix en Provence,2026-10-08 00:00:00,15.45,15.45,15.45,15.58,97,Rain,96,1.0,11.83
22,Aix en Provence,2026-10-08 03:00:00,15.2,15.2,15.2,15.36,99,Rain,58,0.43,13.53
22,Aix en Provence,2026-10-08 06:00:00,14.86,14.86,14.86,15.01,100,Clouds,100,0.0,0.0
22,Aix en Provence,2026-10-08 09:00:00,18.15,18.15,18.15,18.16,82,Clouds,94,0.58,0.0
22,Aix en Provence,2026-10-08 12:00:00,17.06,17.06,17.06,17.15,89,Rain,95,0.78,6.08
22,Aix en Provence,2026-10-08 15:00:00,17.45,17.45,17.45,16.84,61,Rain,13,0.2,1.07
22,Aix en Provence,2026-10-08 18:00:00,13.45,13.45,13.45,12.76,73,Clouds,21,0.0,0.0
22,Aix en Provence,2026-10-08 21:00:00,11.99,11.99,11.99,11.12,72,Clouds,28,0.0,0.0
22,Aix en Provence,2026-10-09 00:00:00,11.41,11.41,11.41,10.41,69,Clouds,27,0.0,0.0
22,Aix en Provence,2026-10-09 03:00:00,10.72,10.72,10.72,9.81,75,Clouds,37,0.0,0.0
22,Aix en Provence,2026-10-09 06:00:00,10.01,10.01,10.01,9.1,78,Clouds,14,0.0,0.0
22,Aix en Provence,2026-10-09 09:00:00,13.54,13.54,13.54,12.73,68,Clear,9,0.0,0.0
22,Aix en Provence,2026-10-09 12:00:00,17.6,17.6,17.6,16.85,55,Clear,2,0.0,0.0
22,Aix en Provence,2026-10-09 15:00:00,17.79,17.79,17.79,17.03,54,Clear,1,0.0,0.0
22,Aix en Provence,2026-10-09 18:00:00,12.47,12.47,12.47,11.7,74,Clouds,56,0.0,0.0
22,Aix en Provence,2026-10-09 21:00:00,10.82,10.82,10.82,10.15,84,Clouds,29,0.0,0.0
22,Aix en Provence,2026-10-10 00:00:00,9.06,9.06,9.06,9.06,95,Clouds,48,0.0,0.0
22,Aix en Provence,2026-10-10 03:00:00,8.07,8.07,8.07,8.07,95,Clear,0,0.0,0.0
22,Aix en Provence,2026-10-10 06:00:00,7.36,7.36,7.36,7.36,95,Clouds,14,0.0,0.0
22,Aix en Provence,2026-10-10 09:00:00,15.84,15.84,15.84,15.12,63,Clouds,13,0.0,0.0
22,Aix en Provence,2026-10-10 12:00:00,20.73,20.73,20.73,20.16,50,Clear,0,0.0,0.0
22,Aix en Provence,2026-10-10 15:00:00,19.42,19.42,19.42,18.85,55,Clear,0,0.0,0.0
22,Aix en Provence,2026-10-10 18:00:00,13.29,13.29,13.29,12.74,79,Clear,0,0.0,0.0
23,Avignon,2026-10-05 21:00:00,19.17,19.17,20.09,19.44,88,Clear,2,0.0,0.0
23,Avignon,2026-10-06 00:00:00,19.05,18.81,19.05,19.39,91,Clear,1,0.0,0.0
23,Avignon,2026-10-06 03:00:00,18.73,18.51,18.73,19.11,94,Clear,5,0.0,0.0
23,Avignon,2026-10-06 06:00:00,17.31,17.31,17.31,17.68,99,Clouds,30,0.05,0.0
23,Avignon,2026-10-06 09:00:00,23.21,23.21,23.21,23.49,73,Clear,4,0.0,0.0
23,Avignon,2026-10-06 12:00:00,25.97,25.97,25.97,25.97,54,Clear,8,0.0,0.0
23,Avignon,2026-10-06 15:00:00,24.8,24.8,24.8,24.77,55,Rain,29,0.34,0.11
23,Avignon,2026-10-06 18:00:00,20.63,20.63,20.63,20.73,76,Clouds,88,0.15,0.0
23,Avignon,2026-10-06 21:00:00,18.81,18.81,18.81,19.15,92,Clouds,98,0.05,0.0
23,Avignon,2026-10-07 00:00:00,18.33,18.33,18.33,18.59,91,Rain,100,0.99,2.08
23,Avignon,2026-10-07 03:00:00,18.23,18.23,18.23,18.51,92,Rain,100,1.0,4.76
23,Avignon,2026-10-07 06:00:00,18.31,18.31,18.31,18.65,94,Rain,100,1.0,19.27
23,Avignon,2026-10-07 09:00:00,18.06,18.06,18.06,18.35,93,Rain,100,1.0,15.89
23,Avignon,2026-10-07 12:00:00,18.24,18.24,18.24,18.63,96,Rain,100,1.0,19.87
23,Avignon,2026-10-07 15:00:00,19.02,19.02,19.02,19.43,94,Rain,100,1.0,5.54
23,Avignon,2026-10-07 18:00:00,17.63,17.63,17.63,18.01,98,Rain,95,0.98,4.66
23,Avignon,2026-10-07 21:00:00,16.21,16.21,16.21,16.42,97,Rain,99,0.98,21.49
23,Avignon,2026-10-08 00:00:00,15.8,15.8,15.8,15.97,97,Rain,100,0.96,8.05
23,Avignon,2026-10-08 03:00:00,16.31,16.31,16.31,16.53,97,Rain,75,0.2,0.13
23,Avignon,2026-10-08 06:00:00,16.08,16.08,16.08,16.33,99,Clouds,100,0.0,0.0
23,Avignon,2026-10-08 09:00:00,17.82,17.82,17.82,17.9,86,Clouds,96,0.2,0.0
23,Avignon,2026-10-08 12:00:00,17.75,17.75,17.75,17.25,64,Rain,25,0.2,4.16
23,Avignon,2026-10-08 15:00:00,17.47,17.47,17.47,17.02,67,Rain,38,0.45,0.42
23,Avignon,2026-10-08 18:00:00,15.19,15.19,15.19,14.44,64,Clouds,37,0.0,0.0
23,Avignon,2026-10-08 21:00:00,13.37,13.37,13.37,12.3,59,Clear,10,0.0,0.0
23,Avignon,2026-10-09 00:00:00,12.84,12.84,12.84,11.75,60,Clouds,15,0.0,0.0
23,Avignon,2026-10-09 03:00:00,12.3,12.3,12.3,11.28,65,Clear,10,0.0,0.0
23,Avignon,2026-10-09 06:00:00,11.71,11.71,11.71,10.69,67,Clouds,14,0.0,0.0
23,Avignon,2026-10-09 09:00:00,13.43,13.43,13.43,12.47,63,Clouds,24,0.0,0.0
23,Avignon,2026-10-09 12:00:00,15.43,15.43,15.43,14.46,55,Clouds,19,0.0,0.0
23,Avignon,2026-10-09 15:00:00,15.61,15.61,15.61,14.61,53,Clouds,25,0.0,0.0
23,Avignon,2026-10-09 18:00:00,13.86,13.86,13.86,12.74,55,Clouds,93,0.0,0.0
23,Avignon,2026-10-09 21:00:00,13.2,13.2,13.2,12.09,58,Clouds,20,0.0,0.0
23,Avignon,2026-10-10 00:00:00,12.05,12.05,12.05,10.93,62,Clear,1,0.0,0.0
23,Avignon,2026-10-10 03:00:00,11.14,11.14,11.14,9.98,64,Clear,2,0.0,0.0
23,Avignon,2026-10-10 06:00:00,10.79,10.79,10.79,9.65,66,Clouds,39,0.0,0.0
23,Avignon,2026-10-10 09:00:00,13.98,13.98,13.98,13.0,60,Clear,1,0.0,0.0
23,Avignon,2026-10-10 12:00:00,17.49,17.49,17.49,16.63,51,Clear,0,0.0,0.0
23,Avignon,2026-10-10 15:00:00,18.02,18.02,18.02,17.24,52,Clear,0,0.0,0.0
23,Avignon,2026-10-10 18:00:00,15.95,15.95,15.95,15.32,66,Clear,0,0.0,0.0
24,Uzes,2026-10-05 21:00:00,19.56,19.3,19.56,19.92,90,Clear,1,0.0,0.0
24,Uzes,2026-10-06 00:00:00,19.08,18.11,19.08,19.39,90,Clear,1,0.0,0.0
24,Uzes,2026-10-06 03:00:00,18.23,17.56,18.23,18.56,94,Clear,0,0.08,0.0
24,Uzes,2026-10-06 06:00:00,16.48,16.48,16.48,16.74,98,Rain,25,0.39,0.32
24,Uzes,2026-10-06 09:00:00,22.45,22.45,22.45,22.79,78,Clear,6,0.14,0.0
24,Uzes,2026-10-06 12:00:00,25.07,25.07,25.07,25.17,59,Clouds,13,0.19,0.0
24,Uzes,2026-10-06 15:00:00,23.85,23.85,23.85,24.07,68,Rain,29,0.49,0.44
24,Uzes,2026-10-06 18:00:00,19.66,19.66,19.66,19.82,82,Clouds,97,0.01,0.0
24,Uzes,2026-10-06 21:00:00,18.31,18.31,18.31,18.57,91,Rain,99,0.35,0.2
24,Uzes,2026-10-07 00:00:00,16.99,16.99,16.99,17.2,94,Rain,100,0.95,2.39
24,Uzes,2026-10-07 03:00:00,16.85,16.85,16.85,17.1,96,Rain,99,1.0,7.23
24,Uzes,2026-10-07 06:00:00,16.9,16.9,16.9,17.18,97,Rain,100,1.0,20.2
24,Uzes,2026-10-07 09:00:00,17.56,17.56,17.56,17.93,98,Rain,100,1.0,21.84
24,Uzes,2026-10-07 12:00:00,19.07,19.07,19.07,19.54,96,Rain,100,0.85,9.81
24,Uzes,2026-10-07 15:00:00,18.75,18.75,18.75,19.21,97,Rain,99,1.0,7.29
24,Uzes,2026-10-07 18:00:00,17.26,17.26,17.26,17.63,99,Rain,97,0.93,4.6
24,Uzes,2026-10-07 21:00:00,15.68,15.68,15.68,15.91,100,Rain,100,1.0,8.24
24,Uzes,2026-10-08 00:00:00,15.23,15.23,15.23,15.42,100,Rain,100,0.2,1.19
24,Uzes,2026-10-08 03:00:00,15.57,15.57,15.57,15.77,99,Clouds,100,0.0,0.0
24,Uzes,2026-10-08 06:00:00,15.36,15.36,15.36,15.51,98,Clouds,100,0.0,0.0
24,Uzes,2026-10-08 09:00:00,17.26,17.26,17.26,17.34,88,Rain,94,0.85,0.11
24,Uzes,2026-10-08 12:00:00,19.17,19.17,19.17,18.71,60,Rain,23,0.41,1.51
24,Uzes,2026-10-08 15:00:00,16.52,16.52,16.52,16.45,85,Rain,24,0.66,2.99
24,Uzes,2026-10-08 18:00:00,14.76,14.76,14.76,13.78,57,Rain,36,0.2,0.36
24,Uzes,2026-10-08 21:00:00,12.69,12.69,12.69,11.56,59,Clouds,15,0.0,0.0
24,Uzes,2026-10-09 00:00:00,12.22,12.22,12.22,11.01,58,Clouds,32,0.0,0.0
24,Uzes,2026-10-09 03:00:00,11.99,11.99,11.99,10.86,62,Clouds,47,0.0,0.0
24,Uzes,2026-10-09 06:00:00,11.64,11.64,11.64,10.48,62,Clouds,39,0.0,0.0
24,Uzes,2026-10-09 09:00:00,13.79,13.79,13.79,12.74,58,Clouds,36,0.0,0.0
24,Uzes,2026-10-09 12:00:00,16.39,16.39,16.39,15.31,47,Clouds,32,0.0,0.0
24,Uzes,2026-10-09 15:00:00,16.37,16.37,16.37,15.29,47,Clouds,21,0.0,0.0
24,Uzes,2026-10-09 18:00:00,13.74,13.74,13.74,12.58,54,Clouds,85,0.0,0.0
24,Uzes,2026-10-09 21:00:00,12.3,12.3,12.3,11.1,58,Clouds,27,0.0,0.0
24,Uzes,2026-10-10 00:00:00,11.29,11.29,11.29,10.04,60,Clear,0,0.0,0.0
24,Uzes,2026-10-10 03:00:00,10.7,10.7,10.7,9.42,61,Clear,3,0.0,0.0
24,Uzes,2026-10-10 06:00:00,10.42,10.42,10.42,9.01,57,Clouds,26,0.0,0.0
24,Uzes,2026-10-10 09:00:00,14.63,14.63,14.63,13.45,50,Clear,1,0.0,0.0
24,Uzes,2026-10-10 12:00:00,18.64,18.64,18.64,17.66,42,Clear,0,0.0,0.0
24,Uzes,2026-10-10 15:00:00,19.14,19.14,19.14,18.55,55,Clear,1,0.0,0.0
24,Uzes,2026-10-10 18:00:00,15.26,15.26,15.26,14.72,72,Clear,0,0.0,0.0
25,Nimes,2026-10-05 21:00:00,19.22,19.22,19.72,19.65,94,Clear,3,0.0,0.0
25,Nimes,2026-10-06 00:00:00,18.9,18.27,18.9,19.33,95,Clear,3,0.0,0.0
25,Nimes,2026-10-06 03:00:00,18.41,18.0,18.41,18.84,97,Clouds,54,0.17,0.0
25,Nimes,2026-10-06 06:00:00,16.96,16.96,16.96,17.3,99,Rain,47,0.26,1.49
25,Nimes,2026-10-06 09:00:00,22.47,22.47,22.47,22.97,84,Clouds,17,0.0,0.0
25,Nimes,2026-10-06 12:00:00,24.99,24.99,24.99,25.16,62,Rain,30,0.36,0.18
25,Nimes,2026-10-06 15:00:00,23.95,23.95,23.95,24.1,65,Rain,51,0.32,1.12
25,Nimes,2026-10-06 18:00:00,20.23,20.23,20.23,20.53,85,Clouds,95,0.17,0.0
25,Nimes,2026-10-06 21:00:00,18.83,18.83,18.83,19.22,94,Rain,100,0.95,1.89
25,Nimes,2026-10-07 00:00:00,17.76,17.76,17.76,18.05,94,Rain,100,1.0,5.17
25,Nimes,2026-10-07 03:00:00,17.76,17.76,17.76,18.1,96,Rain,100,1.0,5.65
25,Nimes,2026-10-07 06:00:00,17.99,17.99,17.99,18.43,99,Rain,100,1.0,16.66
25,Nimes,2026-10-07 09:00:00,18.55,18.55,18.55,18.99,97,Rain,100,1.0,7.65
25,Nimes,2026-10-07 12:00:00,21.46,21.46,21.46,21.83,83,Rain,100,0.49,0.68
25,Nimes,2026-10-07 15:00:00,19.29,19.29,19.29,19.73,94,Rain,84,0.89,4.94
25,Nimes,2026-10-07 18:00:00,17.73,17.73,17.73,18.12,98,Rain,100,1.0,2.24
25,Nimes,2026-10-07 21:00:00,16.17,16.17,16.17,16.43,99,Rain,92,1.0,5.64
25,Nimes,2026-10-08 00:00:00,15.73,15.73,15.73,15.94,99,Rain,99,0.2,0.46
25,Nimes,2026-10-08 03:00:00,15.83,15.83,15.83,16.08,100,Clouds,100,0.0,0.0
25,Nimes,2026-10-08 06:00:00,15.42,15.42,15.42,15.58,98,Clouds,69,0.0,0.0
25,Nimes,2026-10-08 09:00:00,18.56,18.56,18.56,18.72,86,Clouds,53,0.8,0.0
25,Nimes,2026-10-08 12:00:00,20.78,20.78,20.78,20.45,59,Rain,25,0.31,0.74
25,Nimes,2026-10-08 15:00:00,16.2,16.2,16.2,15.99,81,Rain,72,0.76,4.91
25,Nimes,2026-10-08 18:00:00,16.09,16.09,16.09,15.16,54,Rain,72,0.2,0.15
25,Nimes,2026-10-08 21:00:00,13.06,13.06,13.06,11.91,57,Clouds,21,0.0,0.0
25,Nimes,2026-10-09 00:00:00,12.5,12.5,12.5,11.29,57,Clouds,20,0.0,0.0
25,Nimes,2026-10-09 03:00:00,12.63,12.63,12.63,11.49,59,Clouds,27,0.0,0.0
25,Nimes,2026-10-09 06:00:00,12.32,12.32,12.32,11.15,59,Clouds,34,0.0,0.0
25,Nimes,2026-10-09 09:00:00,14.73,14.73,14.73,13.64,53,Clouds,27,0.0,0.0
25,Nimes,2026-10-09 12:00:00,17.32,17.32,17.32,16.26,44,Clouds,12,0.0,0.0
25,Nimes,2026-10-09 15:00:00,17.12,17.12,17.12,16.09,46,Clouds,23,0.0,0.0
25,Nimes,2026-10-09 18:00:00,14.52,14.52,14.52,13.41,53,Clouds,87,0.0,0.0
25,Nimes,2026-10-09 21:00:00,12.89,12.89,12.89,11.72,57,Clouds,34,0.0,0.0
25,Nimes,2026-10-10 00:00:00,11.39,11.39,11.39,10.2,62,Clear,0,0.0,0.0
25,Nimes,2026-10-10 03:00:00,10.44,10.44,10.44,9.21,64,Clear,8,0.0,0.0
25,Nimes,2026-10-10 06:00:00,9.87,9.87,9.87,7.66,63,Clouds,30,0.0,0.0
25,Nimes,2026-10-10 09:00:00,14.85,14.85,14.85,13.75,52,Clear,1,0.0,0.0
25,Nimes,2026-10-10 12:00:00,19.17,19.17,19.17,18.21,41,Clear,0,0.0,0.0
25,Nimes,2026-10-10 15:00:00,19.98,19.98,19.98,19.34,50,Clear,0,0.0,0.0
25,Nimes,2026-10-10 18:00:00,15.94,15.94,15.94,15.44,71,Clear,0,0.0,0.0
26,Aigues Mortes,2026-10-05 21:00:00,19.91,19.85,19.91,20.41,94,Clear,5,0.0,0.0
26,Aigues Mortes,2026-10-06 00:00:00,19.43,18.48,19.43,19.91,95,Clear,8,0.0,0.0
26,Aigues Mortes,2026-10-06 03:00:00,18.96,18.48,18.96,19.42,96,Rain,33,0.69,0.1
26,Aigues Mortes,2026-10-06 06:00:00,17.34,17.34,17.34,17.66,97,Rain,44,0.21,1.29
26,Aigues Mortes,2026-10-06 09:00:00,22.55,22.55,22.55,23.08,85,Clouds,20,0.0,0.0
26,Aigues Mortes,2026-10-06 12:00:00,24.43,24.43,24.43,24.83,73,Rain,62,0.96,0.35
26,Aigues Mortes,2026-10-06 15:00:00,23.77,23.77,23.77,23.98,68,Rain,31,0.4,1.85
26,Aigues Mortes,2026-10-06 18:00:00,19.98,19.98,19.98,20.38,90,Rain,95,0.84,1.28
26,Aigues Mortes,2026-10-06 21:00:00,19.05,19.05,19.05,19.52,96,Rain,100,1.0,5.72
26,Aigues Mortes,2026-10-07 00:00:00,18.68,18.68,18.68,19.08,95,Rain,100,1.0,7.48
26,Aigues Mortes,2026-10-07 03:00:00,18.91,18.91,18.91,19.36,96,Rain,100,1.0,6.63
26,Aigues Mortes,2026-10-07 06:00:00,18.86,18.86,18.86,19.31,96,Rain,100,1.0,4.7
26,Aigues Mortes,2026-10-07 09:00:00,19.88,19.88,19.88,20.27,90,Rain,100,0.49,1.66
26,Aigues Mortes,2026-10-07 12:00:00,22.55,22.55,22.55,22.87,77,Rain,100,0.39,0.31
26,Aigues Mortes,2026-10-07 15:00:00,21.53,21.53,21.53,21.85,81,Rain,100,1.0,0.33
26,Aigues Mortes,2026-10-07 18:00:00,17.67,17.67,17.67,17.97,95,Rain,84,0.74,4.35
26,Aigues Mortes,2026-10-07 21:00:00,17.3,17.3,17.3,17.62,97,Rain,71,0.91,2.17
26,Aigues Mortes,2026-10-08 00:00:00,15.88,15.88,15.88,16.08,98,Rain,24,0.2,0.41
26,Aigues Mortes,2026-10-08 03:00:00,15.22,15.22,15.22,15.38,99,Clouds,59,0.0,0.0
26,Aigues Mortes,2026-10-08 06:00:00,14.89,14.89,14.89,14.97,97,Clouds,80,0.0,0.0
26,Aigues Mortes,2026-10-08 09:00:00,19.22,19.22,19.22,19.31,81,Clouds,81,0.22,0.0
26,Aigues Mortes,2026-10-08 12:00:00,21.65,21.65,21.65,21.28,54,Rain,22,0.25,0.13
26,Aigues Mortes,2026-10-08 15:00:00,17.94,17.94,17.94,17.83,78,Rain,46,0.98,1.17
26,Aigues Mortes,2026-10-08 18:00:00,15.75,15.75,15.75,15.16,68,Rain,97,0.2,0.89
26,Aigues Mortes,2026-10-08 21:00:00,13.43,13.43,13.43,12.29,56,Clouds,14,0.0,0.0
26,Aigues Mortes,2026-10-09 00:00:00,12.49,12.49,12.49,11.26,56,Clouds,24,0.0,0.0
26,Aigues Mortes,2026-10-09 03:00:00,12.4,12.4,12.4,11.18,57,Clouds,23,0.0,0.0
26,Aigues Mortes,2026-10-09 06:00:00,12.31,12.31,12.31,11.11,58,Clouds,16,0.0,0.0
26,Aigues Mortes,2026-10-09 09:00:00,15.25,15.25,15.25,14.21,53,Clouds,18,0.0,0.0
26,Aigues Mortes,2026-10-09 12:00:00,18.43,18.43,18.43,17.37,40,Clouds,15,0.0,0.0
26,Aigues Mortes,2026-10-09 15:00:00,18.51,18.51,18.51,17.54,43,Clouds,26,0.0,0.0
26,Aigues Mortes,2026-10-09 18:00:00,14.53,14.53,14.53,13.53,57,Clouds,77,0.0,0.0
26,Aigues Mortes,2026-10-09 21:00:00,12.23,12.23,12.23,11.18,64,Clouds,24,0.0,0.0
26,Aigues Mortes,2026-10-10 00:00:00,10.2,10.2,10.2,9.1,70,Clear,0,0.0,0.0
26,Aigues Mortes,2026-10-10 03:00:00,9.02,9.02,9.02,7.53,73,Clouds,25,0.0,0.0
26,Aigues Mortes,2026-10-10 06:00:00,8.39,8.39,8.39,6.84,75,Clouds,88,0.0,0.0
26,Aigues Mortes,2026-10-10 09:00:00,14.71,14.71,14.71,13.86,62,Clear,0,0.0,0.0
26,Aigues Mortes,2026-10-10 12:00:00,19.69,19.69,19.69,18.73,39,Clear,0,0.0,0.0
26,Aigues Mortes,2026-10-10 15:00:00,20.7,20.7,20.7,19.9,41,Clear,1,0.0,0.0
26,Aigues Mortes,2026-10-10 18:00:00,16.54,16.54,16.54,15.89,63,Clear,3,0.0,0.0
27,Saintes Maries de la mer,2026-10-05 21:00:00,19.16,19.16,19.16,19.64,96,Clear,0,0.0,0.0
27,Saintes Maries de la mer,2026-10-06 00:00:00,18.97,18.59,18.97,19.46,97,Clouds,21,0.2,0.0
27,Saintes Maries de la mer,2026-10-06 03:00:00,18.45,18.1,18.45,18.91,98,Clouds,55,0.41,0.0
27,Saintes Maries de la mer,2026-10-06 06:00:00,17.64,17.64,17.64,17.99,97,Clouds,46,0.0,0.0
27,Saintes Maries de la mer,2026-10-06 09:00:00,22.45,22.45,22.45,22.74,76,Clouds,20,0.01,0.0
27,Saintes Maries de la mer,2026-10-06 12:00:00,23.62,23.62,23.62,23.84,69,Rain,65,0.83,0.43
27,Saintes Maries de la mer,2026-10-06 15:00:00,23.26,23.26,23.26,23.34,65,Rain,29,0.23,0.24
27,Saintes Maries de la mer,2026-10-06 18:00:00,20.6,20.6,20.6,20.83,81,Rain,99,0.69,0.24
27,Saintes Maries de la mer,2026-10-06 21:00:00,19.28,19.28,19.28,19.72,94,Rain,100,1.0,5.5
27,Saintes Maries de la mer,2026-10-07 00:00:00,18.77,18.77,18.77,19.18,95,Rain,100,1.0,7.58
27,Saintes Maries de la mer,2026-10-07 03:00:00,19.21,19.21,19.21,19.64,94,Rain,100,1.0,7.23
27,Saintes Maries de la mer,2026-10-07 06:00:00,18.95,18.95,18.95,19.41,96,Rain,100,1.0,8.29
27,Saintes Maries de la mer,2026-10-07 09:00:00,22.1,22.1,22.1,22.51,82,Rain,95,0.81,3.91
27,Saintes Maries de la mer,2026-10-07 12:00:00,23.18,23.18,23.18,23.51,75,Rain,96,0.38,0.6
27,Saintes Maries de la mer,2026-10-07 15:00:00,21.92,21.92,21.92,22.23,79,Rain,92,0.98,0.43
27,Saintes Maries de la mer,2026-10-07 18:00:00,18.05,18.05,18.05,18.44,97,Rain,87,0.23,5.22
27,Saintes Maries de la mer,2026-10-07 21:00:00,17.53,17.53,17.53,17.9,98,Rain,89,1.0,1.18
27,Saintes Maries de la mer,2026-10-08 00:00:00,16.53,16.53,16.53,16.82,99,Rain,88,0.2,0.76
27,Saintes Maries de la mer,2026-10-08 03:00:00,16.07,16.07,16.07,16.32,99,Clouds,44,0.0,0.0
27,Saintes Maries de la mer,2026-10-08 06:00:00,15.52,15.52,15.52,15.71,99,Clouds,76,0.0,0.0
27,Saintes Maries de la mer,2026-10-08 09:00:00,20.11,20.11,20.11,20.13,75,Clouds,51,0.0,0.0
27,Saintes Maries de la mer,2026-10-08 12:00:00,22.25,22.25,22.25,21.97,55,Rain,25,0.25,0.13
27,Saintes Maries de la mer,2026-10-08 15:00:00,17.14,17.14,17.14,17.1,84,Rain,57,0.94,2.75
27,Saintes Maries de la mer,2026-10-08 18:00:00,15.6,15.6,15.6,15.17,75,Rain,59,0.2,0.68
27,Saintes Maries de la mer,2026-10-08 21:00:00,14.02,14.02,14.02,12.91,55,Clouds,18,0.0,0.0
27,Saintes Maries de la mer,2026-10-09 00:00:00,13.04,13.04,13.04,11.89,57,Clouds,13,0.0,0.0
27,Saintes Maries de la mer,2026-10-09 03:00:00,12.92,12.92,12.92,11.78,58,Clouds,11,0.0,0.0
27,Saintes Maries de la mer,2026-10-09 06:00:00,12.81,12.81,12.81,11.66,58,Clouds,21,0.0,0.0
27,Saintes Maries de la mer,2026-10-09 09:00:00,15.45,15.45,15.45,14.38,51,Clouds,16,0.0,0.0
27,Saintes Maries de la mer,2026-10-09 12:00:00,18.07,18.07,18.07,17.06,43,Clouds,19,0.0,0.0
27,Saintes Maries de la mer,2026-10-09 15:00:00,17.75,17.75,17.75,16.73,44,Clear,6,0.0,0.0
27,Saintes Maries de la mer,2026-10-09 18:00:00,15.33,15.33,15.33,14.22,50,Clouds,76,0.0,0.0
27,Saintes Maries de la mer,2026-10-09 21:00:00,13.68,13.68,13.68,12.54,55,Clouds,43,0.0,0.0
27,Saintes Maries de la mer,2026-10-10 00:00:00,11.77,11.77,11.77,10.67,64,Clear,0,0.0,0.0
27,Saintes Maries de la mer,2026-10-10 03:00:00,10.67,10.67,10.67,9.59,69,Clouds,11,0.0,0.0
27,Saintes Maries de la mer,2026-10-10 06:00:00,10.26,10.26,10.26,9.06,66,Clouds,78,0.0,0.0
27,Saintes Maries de la mer,2026-10-10 09:00:00,15.39,15.39,15.39,14.32,51,Clear,1,0.0,0.0
27,Saintes Maries de la mer,2026-10-10 12:00:00,19.6,19.6,19.6,18.66,40,Clear,0,0.0,0.0
27,Saintes Maries de la mer,2026-10-10 15:00:00,20.62,20.62,20.62,19.83,42,Clear,0,0.0,0.0
27,Saintes Maries de la mer,2026-10-10 18:00:00,15.85,15.85,15.85,15.34,71,Clear,0,0.0,0.0
28,Collioure,2026-10-05 21:00:00,20.05,20.05,20.05,20.49,91,Clouds,73,0.0,0.0
28,Collioure,2026-10-06 00:00:00,19.6,18.69,19.6,20.04,93,Clouds,66,0.01,0.0
28,Collioure,2026-10-06 03:00:00,18.74,18.08,18.74,19.15,95,Clouds,91,0.0,0.0
28,Collioure,2026-10-06 06:00:00,18.86,18.86,18.86,19.26,94,Clouds,89,0.19,0.0
28,Collioure,2026-10-06 09:00:00,21.76,21.76,21.76,22.08,80,Clouds,37,0.01,0.0
28,Collioure,2026-10-06 12:00:00,22.85,22.85,22.85,23.15,75,Clouds,95,0.0,0.0
28,Collioure,2026-10-06 15:00:00,21.75,21.75,21.75,22.12,82,Clouds,97,0.32,0.0
28,Collioure,2026-10-06 18:00:00,21.02,21.02,21.02,21.4,85,Clouds,99,0.0,0.0
28,Collioure,2026-10-06 21:00:00,20.0,20.0,20.0,20.41,90,Clouds,96,0.0,0.0
28,Collioure,2026-10-07 00:00:00,18.87,18.87,18.87,19.24,93,Clouds,85,0.0,0.0
28,Collioure,2026-10-07 03:00:00,17.88,17.88,17.88,18.18,94,Clouds,97,0.0,0.0
28,Collioure,2026-10-07 06:00:00,17.74,17.74,17.74,17.82,86,Clouds,97,0.0,0.0
28,Collioure,2026-10-07 09:00:00,20.98,20.98,20.98,21.09,75,Clouds,98,0.25,0.0
28,Collioure,2026-10-07 12:00:00,21.31,21.31,21.31,21.59,80,Rain,44,0.26,0.2
28,Collioure,2026-10-07 15:00:00,20.75,20.75,20.75,21.05,83,Rain,79,1.0,1.71
28,Collioure,2026-10-07 18:00:00,18.94,18.94,18.94,19.24,90,Rain,89,0.44,0.71
28,Collioure,2026-10-07 21:00:00,17.53,17.53,17.53,17.61,87,Rain,93,0.61,0.75
28,Collioure,2026-10-08 00:00:00,16.5,16.5,16.5,16.56,90,Rain,55,0.2,0.12
28,Collioure,2026-10-08 03:00:00,15.73,15.73,15.73,15.68,89,Clouds,20,0.0,0.0
28,Collioure,2026-10-08 06:00:00,16.69,16.69,16.69,16.53,81,Clouds,62,0.0,0.0
28,Collioure,2026-10-08 09:00:00,18.37,18.37,18.37,18.01,67,Clouds,56,0.0,0.0
28,Collioure,2026-10-08 12:00:00,19.43,19.43,19.43,18.89,56,Clouds,15,0.0,0.0
28,Collioure,2026-10-08 15:00:00,18.81,18.81,18.81,18.05,50,Clouds,14,0.0,0.0
28,Collioure,2026-10-08 18:00:00,16.15,16.15,16.15,15.28,56,Clear,10,0.0,0.0
28,Collioure,2026-10-08 21:00:00,14.66,14.66,14.66,13.62,55,Clouds,15,0.0,0.0
28,Collioure,2026-10-09 00:00:00,13.63,13.63,13.63,12.54,57,Clouds,14,0.0,0.0
28,Collioure,2026-10-09 03:00:00,12.96,12.96,12.96,11.85,59,Clear,9,0.0,0.0
28,Collioure,2026-10-09 06:00:00,12.57,12.57,12.57,11.37,57,Clear,4,0.0,0.0
28,Collioure,2026-10-09 09:00:00,14.9,14.9,14.9,13.7,48,Clear,2,0.0,0.0
28,Collioure,2026-10-09 12:00:00,17.41,17.41,17.41,16.25,40,Clear,5,0.0,0.0
28,Collioure,2026-10-09 15:00:00,17.81,17.81,17.81,16.66,39,Clouds,20,0.0,0.0
28,Collioure,2026-10-09 18:00:00,15.0,15.0,15.0,13.83,49,Clouds,76,0.0,0.0
28,Collioure,2026-10-09 21:00:00,13.69,13.69,13.69,12.52,54,Clouds,45,0.0,0.0
28,Collioure,2026-10-10 00:00:00,12.47,12.47,12.47,11.23,56,Clear,7,0.0,0.0
28,Collioure,2026-10-10 03:00:00,11.27,11.27,11.27,9.99,59,Clear,3,0.0,0.0
28,Collioure,2026-10-10 06:00:00,10.84,10.84,10.84,9.47,57,Clouds,98,0.0,0.0
28,Collioure,2026-10-10 09:00:00,15.59,15.59,15.59,14.38,45,Clouds,52,0.0,0.0
28,Collioure,2026-10-10 12:00:00,19.53,19.53,19.53,18.48,36,Clouds,54,0.0,0.0
28,Collioure,2026-10-10 15:00:00,20.48,20.48,20.48,19.58,38,Clouds,11,0.0,0.0
28,Collioure,2026-10-10 18:00:00,16.74,16.74,16.74,15.98,58,Clear,0,0.0,0.0
29,Carcassonne,2026-10-05 21:00:00,20.04,19.65,20.04,20.53,93,Clouds,75,0.0,0.0
29,Carcassonne,2026-10-06 00:00:00,19.94,19.75,19.94,20.42,93,Clouds,83,0.0,0.0
29,Carcassonne,2026-10-06 03:00:00,19.61,19.39,19.61,20.11,95,Rain,92,0.2,0.11
29,Carcassonne,2026-10-06 06:00:00,17.91,17.91,17.91,18.32,98,Clouds,100,0.0,0.0
29,Carcassonne,2026-10-06 09:00:00,22.54,22.54,22.54,23.3,94,Rain,100,0.28,0.1
29,Carcassonne,2026-10-06 12:00:00,24.26,24.26,24.26,24.7,75,Rain,95,0.31,0.33
29,Carcassonne,2026-10-06 15:00:00,23.67,23.67,23.67,24.18,80,Rain,96,0.32,0.23
29,Carcassonne,2026-10-06 18:00:00,21.52,21.52,21.52,22.18,94,Clouds,100,0.03,0.0
29,Carcassonne,2026-10-06 21:00:00,19.33,19.33,19.33,19.8,95,Clouds,100,0.05,0.0
29,Carcassonne,2026-10-07 00:00:00,18.61,18.61,18.61,19.06,97,Clouds,99,0.03,0.0
29,Carcassonne,2026-10-07 03:00:00,19.85,19.85,19.85,20.45,98,Clouds,99,0.06,0.0
29,Carcassonne,2026-10-07 06:00:00,18.36,18.36,18.36,18.73,95,Rain,100,0.98,0.25
29,Carcassonne,2026-10-07 09:00:00,18.07,18.07,18.07,18.31,91,Rain,99,0.98,1.08
29,Carcassonne,2026-10-07 12:00:00,21.87,21.87,21.87,21.86,67,Rain,53,0.38,0.62
29,Carcassonne,2026-10-07 15:00:00,17.77,17.77,17.77,17.93,89,Rain,93,0.98,3.81
29,Carcassonne,2026-10-07 18:00:00,15.95,15.95,15.95,16.13,97,Rain,95,1.0,3.2
29,Carcassonne,2026-10-07 21:00:00,15.43,15.43,15.43,15.56,97,Rain,78,0.28,0.58
29,Carcassonne,2026-10-08 00:00:00,14.86,14.86,14.86,14.88,95,Rain,98,0.26,0.24
29,Carcassonne,2026-10-08 03:00:00,14.77,14.77,14.77,14.81,96,Rain,99,0.99,1.25
29,Carcassonne,2026-10-08 06:00:00,13.91,13.91,13.91,13.86,96,Rain,100,1.0,2.86
29,Carcassonne,2026-10-08 09:00:00,13.07,13.07,13.07,12.89,94,Rain,95,0.81,3.5
29,Carcassonne,2026-10-08 12:00:00,15.01,15.01,15.01,14.47,73,Rain,31,0.8,0.57
29,Carcassonne,2026-10-08 15:00:00,15.27,15.27,15.27,14.45,61,Rain,18,0.38,0.32
29,Carcassonne,2026-10-08 18:00:00,12.45,12.45,12.45,11.53,68,Rain,27,0.39,0.12
29,Carcassonne,2026-10-08 21:00:00,11.31,11.31,11.31,10.25,67,Clouds,14,0.0,0.0
29,Carcassonne,2026-10-09 00:00:00,9.84,9.84,9.84,7.37,72,Clouds,20,0.0,0.0
29,Carcassonne,2026-10-09 03:00:00,9.16,9.16,9.16,6.36,75,Clouds,26,0.0,0.0
29,Carcassonne,2026-10-09 06:00:00,8.13,8.13,8.13,4.9,79,Clear,1,0.0,0.0
29,Carcassonne,2026-10-09 09:00:00,11.99,11.99,11.99,10.89,63,Clear,0,0.0,0.0
29,Carcassonne,2026-10-09 12:00:00,14.46,14.46,14.46,13.19,47,Clear,1,0.0,0.0
29,Carcassonne,2026-10-09 15:00:00,14.54,14.54,14.54,13.28,47,Clouds,26,0.0,0.0
29,Carcassonne,2026-10-09 18:00:00,11.54,11.54,11.54,10.29,59,Clouds,51,0.0,0.0
29,Carcassonne,2026-10-09 21:00:00,9.69,9.69,9.69,7.11,67,Clouds,23,0.0,0.0
29,Carcassonne,2026-10-10 00:00:00,8.15,8.15,8.15,6.09,74,Clouds,12,0.0,0.0
29,Carcassonne,2026-10-10 03:00:00,7.01,7.01,7.01,4.69,81,Clouds,59,0.0,0.0
29,Carcassonne,2026-10-10 06:00:00,7.95,7.95,7.95,5.29,77,Clouds,21,0.0,0.0
29,Carcassonne,2026-10-10 09:00:00,11.8,11.8,11.8,10.76,66,Clouds,38,0.0,0.0
29,Carcassonne,2026-10-10 12:00:00,15.69,15.69,15.69,14.8,57,Clear,5,0.0,0.0
29,Carcassonne,2026-10-10 15:00:00,16.22,16.22,16.22,15.44,59,Clouds,25,0.0,0.0
29,Carcassonne,2026-10-10 18:00:00,12.9,12.9,12.9,12.23,76,Clear,9,0.0,0.0
30,Ariege,2026-10-05 21:00:00,12.91,12.91,14.53,12.48,85,Clouds,28,0.0,0.0
30,Ariege,2026-10-06 00:00:00,12.98,12.98,13.13,12.63,88,Clouds,27,0.0,0.0
30,Ariege,2026-10-06 03:00:00,14.52,14.52,15.33,14.38,90,Clouds,12,0.0,0.0
30,Ariege,2026-10-06 06:00:00,13.68,13.68,13.68,13.43,89,Clear,1,0.0,0.0
30,Ariege,2026-10-06 09:00:00,19.09,19.09,19.09,18.73,64,Clouds,33,0.0,0.0
30,Ariege,2026-10-06 12:00:00,19.62,19.62,19.62,19.07,55,Clouds,90,0.47,0.0
30,Ariege,2026-10-06 15:00:00,20.84,20.84,20.84,20.62,63,Rain,90,0.24,0.78
30,Ariege,2026-10-06 18:00:00,18.45,18.45,18.45,18.6,86,Clouds,69,0.0,0.0
30,Ariege,2026-10-06 21:00:00,15.54,15.54,15.54,15.6,94,Clouds,68,0.0,0.0
30,Ariege,2026-10-07 00:00:00,14.82,14.82,14.82,14.81,94,Clouds,61,0.0,0.0
30,Ariege,2026-10-07 03:00:00,16.62,16.62,16.62,16.66,89,Clouds,79,0.0,0.0
30,Ariege,2026-10-07 06:00:00,14.01,14.01,14.01,14.05,99,Clouds,99,0.76,0.0
30,Ariege,2026-10-07 09:00:00,15.24,15.24,15.24,15.17,90,Rain,100,0.54,0.6
30,Ariege,2026-10-07 12:00:00,18.07,18.07,18.07,17.89,75,Rain,100,1.0,0.39
30,Ariege,2026-10-07 15:00:00,14.78,14.78,14.78,14.79,95,Rain,96,1.0,7.32
30,Ariege,2026-10-07 18:00:00,13.11,13.11,13.11,13.04,98,Rain,92,0.77,5.1
30,Ariege,2026-10-07 21:00:00,11.84,11.84,11.84,11.56,95,Clouds,66,0.0,0.0
30,Ariege,2026-10-08 00:00:00,11.92,11.92,11.92,11.67,96,Rain,99,0.81,0.34
30,Ariege,2026-10-08 03:00:00,11.65,11.65,11.65,11.35,95,Rain,100,0.56,1.11
30,Ariege,2026-10-08 06:00:00,11.03,11.03,11.03,10.72,97,Rain,100,0.9,0.81
30,Ariege,2026-10-08 09:00:00,10.96,10.96,10.96,10.57,94,Rain,71,0.97,2.24
30,Ariege,2026-10-08 12:00:00,11.41,11.41,11.41,10.83,85,Rain,53,0.89,2.13
30,Ariege,2026-10-08 15:00:00,12.33,12.33,12.33,11.47,71,Rain,99,0.5,2.85
30,Ariege,2026-10-08 18:00:00,10.48,10.48,10.48,9.15,60,Rain,51,0.2,0.12
30,Ariege,2026-10-08 21:00:00,7.94,7.94,7.94,6.7,69,Clouds,71,0.0,0.0
30,Ariege,2026-10-09 00:00:00,7.85,7.85,7.85,6.47,68,Clouds,74,0.0,0.0
30,Ariege,2026-10-09 03:00:00,7.28,7.28,7.28,6.23,72,Clouds,73,0.0,0.0
30,Ariege,2026-10-09 06:00:00,6.42,6.42,6.42,5.06,76,Clouds,28,0.0,0.0
30,Ariege,2026-10-09 09:00:00,10.01,10.01,10.01,8.53,56,Clouds,44,0.0,0.0
30,Ariege,2026-10-09 12:00:00,12.07,12.07,12.07,10.66,51,Clear,7,0.0,0.0
30,Ariege,2026-10-09 15:00:00,12.39,12.39,12.39,10.96,49,Clouds,80,0.0,0.0
30,Ariege,2026-10-09 18:00:00,8.51,8.51,8.51,7.69,67,Clouds,76,0.0,0.0
30,Ariege,2026-10-09 21:00:00,6.62,6.62,6.62,6.62,74,Clouds,18,0.0,0.0
30,Ariege,2026-10-10 00:00:00,5.04,5.04,5.04,5.04,79,Clouds,96,0.0,0.0
30,Ariege,2026-10-10 03:00:00,3.19,3.19,3.19,1.42,81,Clouds,88,0.0,0.0
30,Ariege,2026-10-10 06:00:00,5.08,5.08,5.08,5.08,69,Clouds,97,0.0,0.0
30,Ariege,2026-10-10 09:00:00,10.12,10.12,10.12,8.7,58,Clouds,91,0.0,0.0
30,Ariege,2026-10-10 12:00:00,13.49,13.49,13.49,12.1,46,Clear,1,0.0,0.0
30,Ariege,2026-10-10 15:00:00,13.88,13.88,13.88,12.5,45,Clouds,24,0.0,0.0
30,Ariege,2026-10-10 18:00:00,9.41,9.41,9.41,9.41,66,Clouds,72,0.0,0.0
31,Toulouse,2026-10-05 21:00:00,20.97,19.96,20.97,21.16,78,Clear,3,0.0,0.0
31,Toulouse,2026-10-06 00:00:00,20.19,18.64,20.19,20.43,83,Clear,6,0.0,0.0
31,Toulouse,2026-10-06 03:00:00,19.31,18.48,19.31,19.62,89,Clouds,14,0.0,0.0
31,Toulouse,2026-10-06 06:00:00,17.94,17.94,17.94,18.22,93,Clouds,64,0.0,0.0
31,Toulouse,2026-10-06 09:00:00,23.1,23.1,23.1,23.4,74,Clouds,52,0.0,0.0
31,Toulouse,2026-10-06 12:00:00,25.04,25.04,25.04,25.14,59,Clouds,84,0.0,0.0
31,Toulouse,2026-10-06 15:00:00,24.86,24.86,24.86,25.1,65,Rain,84,0.96,0.41
31,Toulouse,2026-10-06 18:00:00,21.85,21.85,21.85,22.1,77,Clouds,97,0.0,0.0
31,Toulouse,2026-10-06 21:00:00,19.0,19.0,19.0,19.31,90,Clouds,88,0.0,0.0
31,Toulouse,2026-10-07 00:00:00,18.47,18.47,18.47,18.8,93,Clouds,100,0.0,0.0
31,Toulouse,2026-10-07 03:00:00,19.57,19.57,19.57,20.09,96,Clouds,100,0.0,0.0
31,Toulouse,2026-10-07 06:00:00,18.15,18.15,18.15,18.58,98,Rain,91,1.0,1.11
31,Toulouse,2026-10-07 09:00:00,18.93,18.93,18.93,19.1,85,Rain,94,0.39,3.51
31,Toulouse,2026-10-07 12:00:00,21.34,21.34,21.34,21.31,68,Rain,86,0.42,0.11
31,Toulouse,2026-10-07 15:00:00,17.8,17.8,17.8,17.91,87,Rain,100,1.0,5.0
31,Toulouse,2026-10-07 18:00:00,16.73,16.73,16.73,16.97,96,Rain,100,0.73,4.6
31,Toulouse,2026-10-07 21:00:00,16.34,16.34,16.34,16.51,95,Rain,100,0.2,0.13
31,Toulouse,2026-10-08 00:00:00,15.85,15.85,15.85,15.87,91,Clouds,100,0.71,0.0
31,Toulouse,2026-10-08 03:00:00,15.67,15.67,15.67,15.72,93,Rain,100,0.78,0.63
31,Toulouse,2026-10-08 06:00:00,14.13,14.13,14.13,14.08,95,Rain,100,1.0,2.74
31,Toulouse,2026-10-08 09:00:00,14.73,14.73,14.73,14.27,77,Rain,100,0.38,0.75
31,Toulouse,2026-10-08 12:00:00,16.11,16.11,16.11,15.47,65,Rain,39,0.95,0.41
31,Toulouse,2026-10-08 15:00:00,16.27,16.27,16.27,15.39,55,Rain,39,0.2,0.17
31,Toulouse,2026-10-08 18:00:00,13.62,13.62,13.62,12.58,59,Clouds,11,0.0,0.0
31,Toulouse,2026-10-08 21:00:00,11.79,11.79,11.79,10.72,65,Clouds,11,0.0,0.0
31,Toulouse,2026-10-09 00:00:00,10.81,10.81,10.81,9.77,70,Clouds,57,0.0,0.0
31,Toulouse,2026-10-09 03:00:00,10.97,10.97,10.97,10.0,72,Clouds,79,0.0,0.0
31,Toulouse,2026-10-09 06:00:00,8.83,8.83,8.83,8.0,84,Clear,1,0.0,0.0
31,Toulouse,2026-10-09 09:00:00,12.8,12.8,12.8,11.81,64,Clouds,13,0.0,0.0
31,Toulouse,2026-10-09 12:00:00,15.49,15.49,15.49,14.24,44,Clouds,13,0.0,0.0
31,Toulouse,2026-10-09 15:00:00,15.48,15.48,15.48,14.28,46,Clouds,98,0.0,0.0
31,Toulouse,2026-10-09 18:00:00,11.84,11.84,11.84,10.72,63,Clouds,49,0.0,0.0
31,Toulouse,2026-10-09 21:00:00,9.85,9.85,9.85,8.92,72,Clouds,12,0.0,0.0
31,Toulouse,2026-10-10 00:00:00,8.34,8.34,8.34,7.74,81,Clouds,22,0.0,0.0
31,Toulouse,2026-10-10 03:00:00,7.38,7.38,7.38,7.38,86,Clouds,99,0.0,0.0
31,Toulouse,2026-10-10 06:00:00,7.37,7.37,7.37,7.37,88,Clouds,61,0.0,0.0
31,Toulouse,2026-10-10 09:00:00,12.83,12.83,12.83,11.92,67,Clear,5,0.0,0.0
31,Toulouse,2026-10-10 12:00:00,16.47,16.47,16.47,15.61,55,Clouds,28,0.0,0.0
31,Toulouse,2026-10-10 15:00:00,17.23,17.23,17.23,16.5,57,Clouds,33,0.0,0.0
31,Toulouse,2026-10-10 18:00:00,14.78,14.78,14.78,14.17,71,Clouds,48,0.0,0.0
32,Montauban,2026-10-05 21:00:00,20.29,20.29,20.29,20.59,85,Clear,7,0.0,0.0
32,Montauban,2026-10-06 00:00:00,19.7,18.53,19.7,20.0,87,Clear,5,0.0,0.0
32,Montauban,2026-10-06 03:00:00,18.33,17.35,18.33,18.59,91,Clouds,11,0.0,0.0
32,Montauban,2026-10-06 06:00:00,17.38,17.38,17.38,17.55,91,Clouds,13,0.0,0.0
32,Montauban,2026-10-06 09:00:00,23.04,23.04,23.04,23.28,72,Clouds,48,0.0,0.0
32,Montauban,2026-10-06 12:00:00,25.43,25.43,25.43,25.49,56,Clouds,63,0.0,0.0
32,Montauban,2026-10-06 15:00:00,24.97,24.97,24.97,25.22,65,Rain,77,0.79,0.32
32,Montauban,2026-10-06 18:00:00,21.38,21.38,21.38,21.64,79,Rain,88,0.2,0.13
32,Montauban,2026-10-06 21:00:00,18.9,18.9,18.9,19.12,87,Clouds,86,0.01,0.0
32,Montauban,2026-10-07 00:00:00,17.57,17.57,17.57,17.94,98,Rain,82,0.34,2.48
32,Montauban,2026-10-07 03:00:00,18.28,18.28,18.28,18.7,97,Rain,98,0.97,0.29
32,Montauban,2026-10-07 06:00:00,17.4,17.4,17.4,17.78,99,Rain,47,0.75,2.66
32,Montauban,2026-10-07 09:00:00,18.86,18.86,18.86,19.05,86,Rain,100,0.51,0.26
32,Montauban,2026-10-07 12:00:00,20.8,20.8,20.8,20.84,73,Rain,93,0.86,0.37
32,Montauban,2026-10-07 15:00:00,18.18,18.18,18.18,18.35,88,Rain,100,1.0,5.49
32,Montauban,2026-10-07 18:00:00,16.62,16.62,16.62,16.84,96,Rain,98,0.8,3.36
32,Montauban,2026-10-07 21:00:00,16.09,16.09,16.09,16.24,95,Rain,94,0.2,0.16
32,Montauban,2026-10-08 00:00:00,15.84,15.84,15.84,15.91,93,Rain,100,0.56,0.22
32,Montauban,2026-10-08 03:00:00,15.77,15.77,15.77,15.88,95,Rain,100,0.84,1.5
32,Montauban,2026-10-08 06:00:00,14.1,14.1,14.1,14.05,95,Rain,100,0.66,1.39
32,Montauban,2026-10-08 09:00:00,14.95,14.95,14.95,14.49,76,Rain,100,0.2,0.14
32,Montauban,2026-10-08 12:00:00,16.18,16.18,16.18,15.58,66,Rain,40,0.62,0.22
32,Montauban,2026-10-08 15:00:00,16.12,16.12,16.12,15.28,57,Rain,41,0.2,0.17
32,Montauban,2026-10-08 18:00:00,13.86,13.86,13.86,12.82,58,Clouds,58,0.0,0.0
32,Montauban,2026-10-08 21:00:00,11.73,11.73,11.73,10.68,66,Clouds,18,0.0,0.0
32,Montauban,2026-10-09 00:00:00,10.07,10.07,10.07,9.12,76,Clouds,47,0.0,0.0
32,Montauban,2026-10-09 03:00:00,9.66,9.66,9.66,8.89,77,Clouds,33,0.0,0.0
32,Montauban,2026-10-09 06:00:00,7.4,7.4,7.4,6.83,85,Clear,4,0.0,0.0
32,Montauban,2026-10-09 09:00:00,12.24,12.24,12.24,11.27,67,Clouds,29,0.0,0.0
32,Montauban,2026-10-09 12:00:00,15.64,15.64,15.64,14.41,44,Clouds,11,0.0,0.0
32,Montauban,2026-10-09 15:00:00,15.55,15.55,15.55,14.36,46,Clouds,97,0.0,0.0
32,Montauban,2026-10-09 18:00:00,11.74,11.74,11.74,10.59,62,Clouds,54,0.0,0.0
32,Montauban,2026-10-09 21:00:00,9.64,9.64,9.64,8.5,71,Clear,8,0.0,0.0
32,Montauban,2026-10-10 00:00:00,7.77,7.77,7.77,7.25,84,Clouds,42,0.0,0.0
32,Montauban,2026-10-10 03:00:00,7.22,7.22,7.22,7.22,90,Clouds,100,0.0,0.0
32,Montauban,2026-10-10 06:00:00,7.37,7.37,7.37,7.37,90,Clouds,53,0.0,0.0
32,Montauban,2026-10-10 09:00:00,12.68,12.68,12.68,11.81,69,Clouds,82,0.0,0.0
32,Montauban,2026-10-10 12:00:00,15.95,15.95,15.95,15.09,57,Clouds,41,0.0,0.0
32,Montauban,2026-10-10 15:00:00,17.89,17.89,17.89,17.22,57,Clouds,82,0.0,0.0
32,Montauban,2026-10-10 18:00:00,15.68,15.68,15.68,15.11,69,Clouds,22,0.0,0.0
33,Biarritz,2026-10-05 21:00:00,22.3,20.05,22.3,22.49,73,Clear,2,0.0,0.0
33,Biarritz,2026-10-06 00:00:00,21.26,19.17,21.26,21.45,77,Clouds,11,0.0,0.0
33,Biarritz,2026-10-06 03:00:00,20.19,19.14,20.19,20.43,83,Clouds,19,0.0,0.0
33,Biarritz,2026-10-06 06:00:00,19.16,19.16,19.16,19.51,91,Clouds,76,0.0,0.0
33,Biarritz,2026-10-06 09:00:00,21.93,21.93,21.93,22.22,78,Clouds,74,0.0,0.0
33,Biarritz,2026-10-06 12:00:00,24.91,24.91,24.91,25.34,72,Clouds,48,0.0,0.0
33,Biarritz,2026-10-06 15:00:00,22.68,22.68,22.68,23.07,79,Rain,98,0.94,0.19
33,Biarritz,2026-10-06 18:00:00,19.83,19.83,19.83,20.14,87,Rain,97,1.0,4.21
33,Biarritz,2026-10-06 21:00:00,18.77,18.77,18.77,19.03,89,Rain,93,1.0,2.9
33,Biarritz,2026-10-07 00:00:00,19.34,19.34,19.34,19.5,83,Rain,91,0.2,0.27
33,Biarritz,2026-10-07 03:00:00,18.53,18.53,18.53,18.63,84,Rain,100,0.9,1.02
33,Biarritz,2026-10-07 06:00:00,18.58,18.58,18.58,18.74,86,Rain,92,1.0,6.18
33,Biarritz,2026-10-07 09:00:00,18.89,18.89,18.89,19.05,85,Rain,79,0.47,0.67
33,Biarritz,2026-10-07 12:00:00,19.85,19.85,19.85,19.87,76,Clouds,86,0.03,0.0
33,Biarritz,2026-10-07 15:00:00,20.39,20.39,20.39,20.39,73,Rain,90,0.82,0.42
33,Biarritz,2026-10-07 18:00:00,19.4,19.4,19.4,19.51,81,Rain,89,1.0,6.08
33,Biarritz,2026-10-07 21:00:00,19.84,19.84,19.84,20.05,83,Rain,100,0.61,10.62
33,Biarritz,2026-10-08 00:00:00,19.24,19.24,19.24,19.07,71,Rain,69,1.0,1.03
33,Biarritz,2026-10-08 03:00:00,18.7,18.7,18.7,18.56,74,Rain,37,0.61,1.81
33,Biarritz,2026-10-08 06:00:00,18.14,18.14,18.14,17.81,69,Rain,81,1.0,2.53
33,Biarritz,2026-10-08 09:00:00,17.21,17.21,17.21,16.92,74,Rain,44,0.8,2.49
33,Biarritz,2026-10-08 12:00:00,17.08,17.08,17.08,16.51,64,Rain,24,0.38,0.31
33,Biarritz,2026-10-08 15:00:00,17.25,17.25,17.25,16.6,60,Rain,60,0.2,0.13
33,Biarritz,2026-10-08 18:00:00,16.77,16.77,16.77,16.2,65,Clouds,41,0.04,0.0
33,Biarritz,2026-10-08 21:00:00,16.71,16.71,16.71,16.08,63,Rain,19,0.39,0.5
33,Biarritz,2026-10-09 00:00:00,15.5,15.5,15.5,14.86,67,Clouds,54,0.0,0.0
33,Biarritz,2026-10-09 03:00:00,14.43,14.43,14.43,13.78,71,Clouds,30,0.0,0.0
33,Biarritz,2026-10-09 06:00:00,13.9,13.9,13.9,13.25,73,Clouds,41,0.0,0.0
33,Biarritz,2026-10-09 09:00:00,13.66,13.66,13.66,12.96,72,Clear,3,0.0,0.0
33,Biarritz,2026-10-09 12:00:00,15.4,15.4,15.4,14.41,54,Clouds,19,0.0,0.0
33,Biarritz,2026-10-09 15:00:00,15.9,15.9,15.9,15.01,56,Clouds,58,0.0,0.0
33,Biarritz,2026-10-09 18:00:00,16.7,16.7,16.7,15.89,56,Clouds,96,0.0,0.0
33,Biarritz,2026-10-09 21:00:00,16.28,16.28,16.28,15.56,61,Clouds,99,0.0,0.0
33,Biarritz,2026-10-10 00:00:00,14.23,14.23,14.23,13.54,70,Clouds,100,0.0,0.0
33,Biarritz,2026-10-10 03:00:00,14.04,14.04,14.04,13.22,66,Clouds,100,0.0,0.0
33,Biarritz,2026-10-10 06:00:00,13.93,13.93,13.93,13.26,72,Clouds,99,0.0,0.0
33,Biarritz,2026-10-10 09:00:00,14.3,14.3,14.3,13.43,63,Clouds,49,0.0,0.0
33,Biarritz,2026-10-10 12:00:00,15.81,15.81,15.81,14.91,56,Clouds,67,0.0,0.0
33,Biarritz,2026-10-10 15:00:00,16.1,16.1,16.1,15.49,66,Rain,66,0.2,0.3
33,Biarritz,2026-10-10 18:00:00,17.17,17.17,17.17,16.64,65,Clear,6,0.0,0.0
34,Bayonne,2026-10-05 21:00:00,22.42,21.17,22.42,22.62,73,Clear,2,0.0,0.0
34,Bayonne,2026-10-06 00:00:00,21.61,19.99,21.61,21.84,77,Clear,10,0.0,0.0
34,Bayonne,2026-10-06 03:00:00,20.17,19.04,20.17,20.41,83,Clouds,20,0.0,0.0
34,Bayonne,2026-10-06 06:00:00,20.32,20.32,20.32,20.81,92,Clouds,71,0.0,0.0
34,Bayonne,2026-10-06 09:00:00,23.15,23.15,23.15,23.56,78,Clouds,83,0.0,0.0
34,Bayonne,2026-10-06 12:00:00,26.64,26.64,26.64,26.64,69,Clouds,54,0.0,0.0
34,Bayonne,2026-10-06 15:00:00,25.74,25.74,25.74,26.22,71,Rain,97,0.93,0.16
34,Bayonne,2026-10-06 18:00:00,21.11,21.11,21.11,21.63,90,Rain,96,1.0,4.01
34,Bayonne,2026-10-06 21:00:00,18.82,18.82,18.82,19.16,92,Rain,94,1.0,3.8
34,Bayonne,2026-10-07 00:00:00,19.28,19.28,19.28,19.54,87,Rain,92,0.2,0.13
34,Bayonne,2026-10-07 03:00:00,19.15,19.15,19.15,19.31,84,Rain,99,0.83,0.23
34,Bayonne,2026-10-07 06:00:00,20.36,20.36,20.36,20.72,87,Rain,88,1.0,5.25
34,Bayonne,2026-10-07 09:00:00,18.9,18.9,18.9,19.07,85,Rain,82,0.48,0.72
34,Bayonne,2026-10-07 12:00:00,20.04,20.04,20.04,20.06,75,Rain,92,0.21,0.26
34,Bayonne,2026-10-07 15:00:00,20.41,20.41,20.41,20.41,73,Rain,93,0.92,0.37
34,Bayonne,2026-10-07 18:00:00,19.17,19.17,19.17,19.28,82,Rain,97,1.0,7.43
34,Bayonne,2026-10-07 21:00:00,19.76,19.76,19.76,19.93,82,Rain,100,0.72,10.98
34,Bayonne,2026-10-08 00:00:00,18.65,18.65,18.65,18.53,75,Rain,69,1.0,1.32
34,Bayonne,2026-10-08 03:00:00,18.44,18.44,18.44,18.32,76,Rain,24,0.49,2.76
34,Bayonne,2026-10-08 06:00:00,17.54,17.54,17.54,17.26,73,Rain,79,1.0,2.49
34,Bayonne,2026-10-08 09:00:00,16.83,16.83,16.83,16.5,74,Rain,33,0.72,3.41
34,Bayonne,2026-10-08 12:00:00,17.36,17.36,17.36,16.74,61,Rain,22,0.27,0.23
34,Bayonne,2026-10-08 15:00:00,17.35,17.35,17.35,16.66,58,Clouds,40,0.0,0.0
34,Bayonne,2026-10-08 18:00:00,16.78,16.78,16.78,16.16,63,Clouds,48,0.04,0.0
34,Bayonne,2026-10-08 21:00:00,16.29,16.29,16.29,15.65,64,Rain,39,0.36,0.38
34,Bayonne,2026-10-09 00:00:00,14.53,14.53,14.53,13.92,72,Clouds,47,0.0,0.0
34,Bayonne,2026-10-09 03:00:00,13.52,13.52,13.52,12.86,74,Clouds,12,0.0,0.0
34,Bayonne,2026-10-09 06:00:00,12.66,12.66,12.66,12.12,82,Clouds,70,0.0,0.0
34,Bayonne,2026-10-09 09:00:00,13.58,13.58,13.58,12.82,70,Clear,1,0.0,0.0
34,Bayonne,2026-10-09 12:00:00,15.96,15.96,15.96,14.94,51,Clouds,19,0.0,0.0
34,Bayonne,2026-10-09 15:00:00,15.99,15.99,15.99,15.0,52,Clouds,60,0.0,0.0
34,Bayonne,2026-10-09 18:00:00,16.15,16.15,16.15,15.34,58,Clouds,94,0.0,0.0
34,Bayonne,2026-10-09 21:00:00,15.15,15.15,15.15,14.55,70,Clouds,99,0.0,0.0
34,Bayonne,2026-10-10 00:00:00,13.17,13.17,13.17,12.4,71,Clouds,100,0.0,0.0
34,Bayonne,2026-10-10 03:00:00,12.84,12.84,12.84,12.11,74,Clouds,100,0.0,0.0
34,Bayonne,2026-10-10 06:00:00,12.5,12.5,12.5,11.92,81,Clouds,100,0.0,0.0
34,Bayonne,2026-10-10 09:00:00,14.18,14.18,14.18,13.32,64,Clouds,29,0.0,0.0
34,Bayonne,2026-10-10 12:00:00,16.34,16.34,16.34,15.44,54,Clouds,63,0.0,0.0
34,Bayonne,2026-10-10 15:00:00,16.07,16.07,16.07,15.53,69,Rain,71,0.2,0.21
34,Bayonne,2026-10-10 18:00:00,17.0,17.0,17.0,16.53,68,Clouds,13,0.0,0.0
35,La Rochelle,2026-10-05 21:00:00,21.8,21.0,21.8,21.52,57,Clear,2,0.0,0.0
35,La Rochelle,2026-10-06 00:00:00,21.01,19.44,21.01,20.79,62,Clear,2,0.0,0.0
35,La Rochelle,2026-10-06 03:00:00,19.13,17.8,19.13,18.95,71,Clear,2,0.0,0.0
35,La Rochelle,2026-10-06 06:00:00,17.63,17.63,17.63,17.67,85,Clear,8,0.0,0.0
35,La Rochelle,2026-10-06 09:00:00,21.25,21.25,21.25,21.39,75,Clear,0,0.0,0.0
35,La Rochelle,2026-10-06 12:00:00,25.19,25.19,25.19,25.36,61,Clouds,34,0.0,0.0
35,La Rochelle,2026-10-06 15:00:00,25.49,25.49,25.49,25.77,64,Rain,98,0.3,0.15
35,La Rochelle,2026-10-06 18:00:00,20.64,20.64,20.64,20.98,85,Rain,99,0.3,1.43
35,La Rochelle,2026-10-06 21:00:00,19.22,19.22,19.22,19.63,93,Rain,97,0.9,0.57
35,La Rochelle,2026-10-07 00:00:00,18.0,18.0,18.0,18.31,94,Rain,100,1.0,6.0
35,La Rochelle,2026-10-07 03:00:00,18.38,18.38,18.38,18.7,93,Rain,100,0.82,1.59
35,La Rochelle,2026-10-07 06:00:00,19.38,19.38,19.38,19.72,90,Rain,97,0.99,0.35
35,La Rochelle,2026-10-07 09:00:00,19.35,19.35,19.35,19.61,87,Rain,77,0.75,1.89
35,La Rochelle,2026-10-07 12:00:00,20.07,20.07,20.07,20.25,81,Rain,98,0.75,0.46
35,La Rochelle,2026-10-07 15:00:00,19.29,19.29,19.29,19.49,85,Rain,51,1.0,0.69
35,La Rochelle,2026-10-07 18:00:00,17.63,17.63,17.63,17.77,89,Rain,96,0.63,0.61
35,La Rochelle,2026-10-07 21:00:00,15.91,15.91,15.91,15.8,86,Rain,100,0.36,4.63
35,La Rochelle,2026-10-08 00:00:00,15.2,15.2,15.2,14.97,84,Clouds,42,0.0,0.0
35,La Rochelle,2026-10-08 03:00:00,14.24,14.24,14.24,13.7,76,Clouds,27,0.0,0.0
35,La Rochelle,2026-10-08 06:00:00,13.05,13.05,13.05,12.37,75,Clear,1,0.0,0.0
35,La Rochelle,2026-10-08 09:00:00,14.23,14.23,14.23,13.43,66,Clear,2,0.0,0.0
35,La Rochelle,2026-10-08 12:00:00,16.11,16.11,16.11,15.13,52,Clouds,38,0.0,0.0
35,La Rochelle,2026-10-08 15:00:00,16.59,16.59,16.59,15.51,46,Clouds,82,0.0,0.0
35,La Rochelle,2026-10-08 18:00:00,15.69,15.69,15.69,14.72,54,Clouds,21,0.0,0.0
35,La Rochelle,2026-10-08 21:00:00,13.55,13.55,13.55,12.61,63,Clear,0,0.0,0.0
35,La Rochelle,2026-10-09 00:00:00,11.78,11.78,11.78,10.84,70,Clear,8,0.0,0.0
35,La Rochelle,2026-10-09 03:00:00,10.38,10.38,10.38,9.54,79,Clouds,55,0.0,0.0
35,La Rochelle,2026-10-09 06:00:00,9.86,9.86,9.86,9.42,84,Clouds,33,0.0,0.0
35,La Rochelle,2026-10-09 09:00:00,13.37,13.37,13.37,12.54,68,Clouds,96,0.0,0.0
35,La Rochelle,2026-10-09 12:00:00,15.22,15.22,15.22,14.34,59,Clouds,98,0.0,0.0
35,La Rochelle,2026-10-09 15:00:00,15.71,15.71,15.71,14.9,60,Clouds,99,0.0,0.0
35,La Rochelle,2026-10-09 18:00:00,16.04,16.04,16.04,15.42,66,Clouds,100,0.0,0.0
35,La Rochelle,2026-10-09 21:00:00,15.7,15.7,15.7,15.28,75,Rain,100,0.28,0.18
35,La Rochelle,2026-10-10 00:00:00,16.22,16.22,16.22,15.99,80,Rain,100,0.2,0.21
35,La Rochelle,2026-10-10 03:00:00,16.85,16.85,16.85,16.47,72,Clouds,100,0.0,0.0
35,La Rochelle,2026-10-10 06:00:00,17.29,17.29,17.29,16.9,70,Clouds,100,0.0,0.0
35,La Rochelle,2026-10-10 09:00:00,17.14,17.14,17.14,16.95,78,Clouds,100,0.57,0.0
35,La Rochelle,2026-10-10 12:00:00,17.84,17.84,17.84,17.74,79,Rain,90,0.66,0.42
35,La Rochelle,2026-10-10 15:00:00,17.65,17.65,17.65,17.66,84,Rain,100,0.47,1.08
35,La Rochelle,2026-10-10 18:00:00,17.86,17.86,17.86,17.82,81,Rain,100,0.93,0.36
